symbol,date,sentiment
AAL,2025-02-27,-0.33825
AAL,2025-05-29,0.5574
AAL,2025-05-30,0.4404
AAL,2025-11-24,-0.3818
AAPL,2025-01-02,0.0
AAPL,2025-01-27,-0.5091
AAPL,2025-01-30,-0.296
AAPL,2025-02-14,0.7792
AAPL,2025-02-21,0.0
AAPL,2025-02-25,0.10576872727272728
AAPL,2025-02-26,0.019093013100436682
AAPL,2025-02-27,0.029273295454545455
AAPL,2025-02-28,-0.01262857142857143
AAPL,2025-04-16,0.6808
AAPL,2025-05-22,0.0
AAPL,2025-05-23,-0.8521
AAPL,2025-05-25,0.9442
AAPL,2025-05-27,0.18242121212121212
AAPL,2025-05-28,0.038581875
AAPL,2025-05-29,0.013331666666666667
AAPL,2025-05-30,6.5979381443298e-05
AAPL,2025-05-31,0.299875
AAPL,2025-06-22,-0.29295
AAPL,2025-07-01,0.25
AAPL,2025-07-29,0.2787
AAPL,2025-08-01,0.128
AAPL,2025-08-22,0.09543150684931506
AAPL,2025-08-23,0.0034052631578947454
AAPL,2025-08-24,-0.0036500000000000005
AAPL,2025-08-25,0.009309090909090911
AAPL,2025-08-26,0.11878473282442749
AAPL,2025-08-27,0.08565757575757577
AAPL,2025-08-28,0.051561157024793386
AAPL,2025-08-29,0.09135906432748538
AAPL,2025-08-30,0.09225
AAPL,2025-08-31,0.04869999999999999
AAPL,2025-11-06,0.2235
AAPL,2025-11-07,0.1027
AAPL,2025-11-18,0.7814
AAPL,2025-11-19,-0.1027
AAPL,2025-11-20,0.03987027027027027
AAPL,2025-11-21,-0.035317241379310346
AAPL,2025-11-22,0.25930000000000003
AAPL,2025-11-23,0.23405
AAPL,2025-11-24,-0.011143589743589744
AAPL,2025-11-25,0.06041418439716312
AAPL,2025-11-26,0.08723620689655173
AAPL,2025-11-27,0.036884999999999994
AAPL,2025-11-28,0.10381898734177215
AAPL,2025-11-29,0.15118947368421054
AAPL,2025-11-30,-0.034831249999999994
AAPL,2025-12-01,-0.02821666666666668
AAPL,2025-12-02,0.03923
AAPL,2025-12-03,0.6298
AAPL,2025-12-04,0.043475
AAPL,2025-12-05,-0.2846
AAPL,2025-12-08,0.42865
AAPL,2025-12-10,0.01466666666666668
AAPL,2025-12-11,0.7096
AAPL,2025-12-12,0.34
AAPL,2025-12-13,0.7003
AAPL,2025-12-15,0.3548
AAPL,2025-12-16,0.3896
AAPL,2025-12-17,-0.42405
AAPL,2025-12-19,-0.014313274336283183
AAPL,2025-12-20,0.2571727272727273
AAPL,2025-12-21,0.1932722222222222
AAPL,2025-12-22,-0.04339562499999999
AAPL,2025-12-23,-0.0032162790697674404
AAPL,2025-12-24,0.18044912280701755
AAPL,2025-12-25,0.16695714285714286
AAPL,2025-12-26,0.08391111111111112
AAPL,2025-12-27,0.26539
AAPL,2025-12-28,0.39371
AAPL,2025-12-29,0.047
AAPL,2025-12-30,0.09964107142857144
AAPL,2025-12-31,0.11966046511627908
AAPU,2025-05-28,0.0
AAPU,2025-08-22,-0.4939
ABBV,2025-10-23,0.0
ABNB,2025-02-15,0.3612
ABT,2025-08-20,0.0
ABVE,2025-11-30,0.6249
ADBE,2025-12-05,0.34
ADM,2025-07-17,0.0
AEO,2025-08-22,0.765
AI,2025-02-25,0.0
AI,2025-05-24,0.0
AI,2025-05-31,0.0
AI,2025-08-27,0.0
AIRJ,2025-12-22,0.1139
AIRS,2025-12-16,0.4215
AIXI,2025-08-28,0.7184
ALAB,2025-02-11,0.9578
AMAT,2025-05-23,0.1779
AMAT,2025-09-26,0.0
AMCX,2025-12-29,0.0
AMD,2025-02-16,-0.5994
AMD,2025-02-17,0.0
AMD,2025-02-27,0.000419387755102041
AMD,2025-02-28,0.05160595813204509
AMD,2025-05-22,0.5945
AMD,2025-05-23,0.31845
AMD,2025-05-25,0.4588
AMD,2025-05-26,0.13029
AMD,2025-05-27,0.05310536912751678
AMD,2025-05-28,0.05222276785714286
AMD,2025-05-29,0.0151925
AMD,2025-05-30,0.048390666666666665
AMD,2025-05-31,0.053794117647058826
AMD,2025-08-07,0.5574
AMD,2025-08-26,0.10993733333333333
AMD,2025-08-27,0.07570555555555555
AMD,2025-08-28,0.01187278106508876
AMD,2025-08-29,0.011916860465116277
AMD,2025-08-30,-0.04926470588235294
AMD,2025-08-31,0.15784444444444443
AMD,2025-11-19,0.29295
AMD,2025-11-20,0.44320000000000004
AMD,2025-11-21,0.0
AMD,2025-11-25,0.04270543933054393
AMD,2025-11-26,0.09864452054794522
AMD,2025-11-27,0.19013170731707316
AMD,2025-11-28,0.031622807017543865
AMD,2025-11-29,0.3418466666666667
AMD,2025-11-30,-0.0026666666666666653
AMD,2025-12-08,0.4779
AMD,2025-12-09,0.0
AMD,2025-12-10,-0.06881999999999999
AMD,2025-12-11,0.3349
AMD,2025-12-12,-0.6705
AMD,2025-12-15,0.5706
AMD,2025-12-16,-0.4449
AMD,2025-12-18,-0.5574
AMD,2025-12-20,0.13581428571428572
AMD,2025-12-21,0.16849375
AMD,2025-12-22,-0.019165269461077845
AMD,2025-12-23,0.02201981981981982
AMD,2025-12-24,0.10958703703703704
AMD,2025-12-25,0.40864
AMD,2025-12-26,-0.049563492063492066
AMD,2025-12-27,-0.012222222222222245
AMD,2025-12-28,0.23671538461538463
AMD,2025-12-29,0.018852380952380954
AMD,2025-12-30,0.022848684210526323
AMD,2025-12-31,0.058145054945054946
AMDL,2025-05-28,0.5267
AMDL,2025-05-30,0.8689
AMDL,2025-08-26,-0.4404
AMDL,2025-08-28,0.3261
AMDL,2025-11-25,-0.2732
AMDL,2025-11-26,0.7130000000000001
AMDL,2025-11-30,0.4404
AMGN,2025-05-31,0.0
AMZN,2025-02-12,0.4215
AMZN,2025-02-25,0.0
AMZN,2025-02-26,0.7501
AMZN,2025-02-27,0.8126
AMZN,2025-05-23,0.0129
AMZN,2025-05-27,0.9393
AMZN,2025-05-28,-0.2023
AMZN,2025-05-29,-0.20095
AMZN,2025-05-30,-0.9451
AMZN,2025-05-31,0.3818
AMZN,2025-08-22,0.1531
AMZN,2025-08-23,0.13396666666666665
AMZN,2025-08-26,-0.1695
AMZN,2025-08-27,0.9201
AMZN,2025-08-28,0.6003666666666666
AMZN,2025-08-29,-0.011999999999999997
AMZN,2025-08-30,0.2683
AMZN,2025-09-11,0.0
AMZN,2025-11-18,0.0
AMZN,2025-11-20,0.0
AMZN,2025-11-22,0.4019
AMZN,2025-11-27,0.28595
AMZN,2025-11-28,0.4166
AMZN,2025-12-03,0.3818
AMZN,2025-12-08,-0.2732
AMZN,2025-12-10,0.0
AMZN,2025-12-11,-0.296
AMZN,2025-12-15,-0.7717
AMZN,2025-12-17,0.0
AMZN,2025-12-18,0.946
AMZN,2025-12-19,-0.4767
AMZN,2025-12-20,0.3612
AMZN,2025-12-22,0.1473
AMZN,2025-12-26,0.0258
AMZN,2025-12-27,0.7814000000000001
AMZN,2025-12-30,0.24875
AMZN,2025-12-31,0.6081666666666666
AON,2025-10-31,0.296
APH,2025-08-27,0.5267
APLD,2025-02-14,0.31745
APLD,2025-05-26,0.9945
APP,2025-02-28,-0.743
APP,2025-05-27,-0.0772
ARBE,2025-02-14,0.0
ARKF,2025-11-19,0.7783
ARKK,2025-08-31,0.0
ARKK,2025-12-29,0.2732
ARKK,2025-12-31,-0.508
ARM,2025-02-14,-0.5873
ARM,2025-02-28,0.0
ARM,2025-05-22,0.0
ARM,2025-12-15,-0.8885
ASML,2025-09-10,-0.0772
ASST,2025-11-27,0.0
ASST,2025-11-28,0.3612
ASTS,2025-12-24,-0.6486
ASTS,2025-12-31,0.4215
AVGO,2025-02-06,0.2732
AVGO,2025-02-26,0.0
AVGO,2025-05-25,-0.4215
AVGO,2025-05-26,0.7003
AVGO,2025-08-28,0.0
AVGO,2025-08-30,0.0
AVGO,2025-11-24,0.0
AVGO,2025-11-26,0.3612
AVGO,2025-11-28,0.3962
AVGO,2025-12-14,-0.4404
AVGO,2025-12-17,0.2526
AVGO,2025-12-22,-0.068775
AVGO,2025-12-23,0.46645000000000003
AVGO,2025-12-30,-0.47680000000000006
AVGO,2025-12-31,0.2671
AXP,2025-01-23,0.5106
AXP,2025-07-09,0.0
AXP,2025-07-13,0.5719
AXP,2025-11-07,0.8591
AZN,2025-05-26,0.6369
BA,2025-02-12,0.0
BA,2025-04-07,0.0
BA,2025-12-29,0.2023
BABA,2025-01-28,0.1139
BABA,2025-08-27,0.4215
BABA,2025-08-29,0.13376000000000002
BABA,2025-08-30,0.08360000000000001
BABA,2025-11-15,0.3612
BABA,2025-11-26,0.2732
BABA,2025-12-05,0.128
BABA,2025-12-22,0.0
BABA,2025-12-23,0.7269
BABA,2025-12-29,-0.3535
BAC,2025-01-15,0.0
BAC,2025-01-21,-0.2732
BAC,2025-01-28,0.9313
BAC,2025-01-29,0.0
BAC,2025-02-16,0.3818
BAC,2025-02-19,0.0
BAC,2025-02-20,0.4767
BAC,2025-03-21,0.4215
BAC,2025-04-04,0.5457
BAC,2025-04-05,0.1027
BAC,2025-04-07,-0.3869
BAC,2025-04-08,0.4939
BAC,2025-04-09,-0.4019
BAC,2025-04-10,-0.23485000000000003
BAC,2025-04-11,-0.7906
BAC,2025-04-15,-0.5994
BAC,2025-04-23,0.0
BAC,2025-04-25,0.7151
BAC,2025-04-29,0.0
BAC,2025-05-07,-0.8676
BAC,2025-05-21,0.4019
BAC,2025-05-23,0.4939
BAC,2025-06-02,-0.3818
BAC,2025-06-13,-0.22675
BAC,2025-06-14,0.125
BAC,2025-06-16,-0.8074
BAC,2025-06-18,-0.2732
BAC,2025-06-26,0.128
BAC,2025-06-30,0.0258
BAC,2025-07-01,0.0
BAC,2025-07-02,0.3612
BAC,2025-07-05,0.8928
BAC,2025-07-06,0.0
BAC,2025-07-10,0.0
BAC,2025-07-15,0.6597
BAC,2025-07-16,0.6486
BAC,2025-07-20,0.25
BAC,2025-07-22,0.34
BAC,2025-07-24,-0.7259
BAC,2025-08-01,0.0
BAC,2025-08-05,0.029733333333333334
BAC,2025-08-07,-0.9747
BAC,2025-08-08,0.0
BAC,2025-08-18,0.2846
BAC,2025-10-14,-0.34
BAC,2025-11-04,0.0
BAC,2025-11-05,0.0
BAC,2025-11-06,0.9209
BAC,2025-11-09,0.0
BAC,2025-11-12,0.0
BAC,2025-11-16,0.9274
BAC,2025-11-22,0.0
BAC,2025-11-24,0.0
BAC,2025-12-05,-0.2732
BAC,2025-12-15,0.9306
BAM,2025-12-31,0.9485
BB,2025-02-11,0.19975
BB,2025-08-27,0.5267
BB,2025-08-28,0.1909
BB,2025-08-30,0.0
BBAI,2025-03-27,0.4215
BBAI,2025-08-22,-0.1027
BBAI,2025-08-29,0.0772
BCS,2025-11-15,0.6486
BE,2025-11-22,0.0
BGM,2025-11-26,0.3612
BIDU,2025-12-31,-0.5994
BKR,2025-09-08,0.5106
BKR,2025-09-09,0.11985000000000001
BKR,2025-09-10,0.5267
BKX,2025-07-15,0.5106
BKX,2025-08-05,0.4512
BLK,2025-04-10,0.0
BLK,2025-04-11,0.02034999999999998
BLK,2025-07-15,0.24914999999999998
BLK,2025-10-24,0.3818
BLK,2025-11-12,0.0
BLK,2025-11-28,0.0
BLSH,2025-08-27,0.0
BMNR,2025-12-15,0.2023
BOIL,2025-03-10,0.0
BP,2025-03-04,-0.101
BP,2025-05-05,-0.3182
BP,2025-05-20,0.8225
BP,2025-06-18,0.9458
BP,2025-06-24,-0.2263
BP,2025-06-27,0.2732
BP,2025-12-23,0.7964
BRK.A,2025-05-06,0.0
BRK.B,2025-01-11,0.0
BRK.B,2025-02-23,0.8036
BRK.B,2025-04-08,0.0258
BRK.B,2025-05-31,0.0
BRK.B,2025-07-17,-0.2411
BRK.B,2025-08-23,0.7184
BRK.B,2025-11-26,0.4215
BRK.B,2025-12-14,0.9819
BROKE.X,2025-08-27,0.0
BRZE,2025-12-10,0.0
BTC,2025-05-19,0.4019
BTC,2025-06-04,0.5267
BTC,2025-11-24,0.0
BTC,2025-12-29,0.2263
BTC.X,2025-01-13,0.25
BTC.X,2025-01-14,0.0516
BTC.X,2025-01-15,0.0
BTC.X,2025-02-12,-0.4939
BTC.X,2025-04-05,-0.3913
BTC.X,2025-04-11,-0.7216
BTC.X,2025-05-19,-0.016
BTC.X,2025-05-20,-0.36755
BTC.X,2025-05-21,0.0
BTC.X,2025-05-22,0.7135
BTC.X,2025-05-26,0.0
BTC.X,2025-05-30,0.4019
BTC.X,2025-05-31,0.2023
BTC.X,2025-06-04,0.3818
BTC.X,2025-06-17,0.0
BTC.X,2025-07-16,0.2023
BTC.X,2025-07-22,0.2732
BTC.X,2025-08-27,0.4215
BTC.X,2025-11-21,0.43315
BTC.X,2025-11-24,0.32389999999999997
BTC.X,2025-11-25,-0.4005
BTC.X,2025-11-26,0.0772
BTC.X,2025-11-27,-0.0006000000000000172
BTC.X,2025-11-28,-0.65425
BTC.X,2025-12-02,0.0
BTC.X,2025-12-04,-0.0644
BTC.X,2025-12-09,-0.0009
BTC.X,2025-12-12,-0.4211
BTC.X,2025-12-16,-0.1806
BTC.X,2025-12-17,0.4019
BTC.X,2025-12-18,0.4588
BTC.X,2025-12-19,-0.5106
BTC.X,2025-12-20,0.296
BUD,2025-05-27,0.2023
BUD,2025-07-21,0.1695
BULL,2025-08-29,-0.0772
BYDDY,2025-12-31,-0.1551
BYND,2025-08-20,0.5423
C,2025-01-13,0.5323666666666667
C,2025-01-14,0.4767
C,2025-01-15,0.0
C,2025-01-16,-0.23835
C,2025-01-23,0.0267
C,2025-02-20,0.8885
C,2025-02-22,-0.4588
C,2025-03-25,0.0
C,2025-04-04,0.0
C,2025-05-30,0.0
C,2025-06-05,0.2732
C,2025-06-16,0.5859
C,2025-07-14,0.6486
C,2025-07-15,0.42673333333333335
C,2025-07-17,0.4019
C,2025-07-19,0.4019
C,2025-07-21,0.7964
C,2025-07-24,0.0
C,2025-10-16,0.7184
C,2025-11-23,0.0
C,2025-12-12,0.0
C,2025-12-24,-0.296
CADL,2025-02-27,0.3612
CALM,2025-07-21,0.0
CAPS,2025-11-26,-0.7964
CAPS,2025-11-29,-0.66155
CAT,2025-12-17,0.4215
CBRL,2025-08-26,-0.4717
CCF,2025-01-15,0.296
CCL,2025-05-30,0.0
CCL,2025-11-20,-0.4767
CCL,2025-11-25,0.2023
CCL,2025-11-26,0.6908
CCL,2025-11-28,-0.3612
CDIO,2025-01-16,0.765
CDNS,2025-12-22,0.6369
CELH,2025-02-11,0.45133333333333336
CELH,2025-04-29,0.9877
CELH,2025-05-20,-0.3612
CELH,2025-05-27,0.296
CELH,2025-10-31,0.45845
CELH,2025-12-22,-0.2732
CELH,2025-12-29,0.2023
CF,2025-01-24,0.7512
CHEESE.X,2025-04-12,0.2023
CHTR,2025-01-30,0.0
CLPS,2025-01-06,0.4404
CLSK,2025-05-29,-0.079
CL_F,2025-07-02,0.4522
COF,2025-08-20,0.9468
COIN,2025-01-20,0.6369
COIN,2025-02-28,0.0
COIN,2025-05-27,0.7783
COIN,2025-06-18,-0.32845
COIN,2025-07-30,0.4215
COIN,2025-07-31,0.7506
COIN,2025-08-04,0.937
COIN,2025-08-06,0.4767
COIN,2025-10-24,0.9432
COIN,2025-11-13,0.0
COIN,2025-11-26,0.3612
COIN,2025-12-02,0.7269
COIN,2025-12-18,-0.743
COKE,2025-04-21,0.9038
COMP,2025-08-20,0.8282
COP,2025-01-05,0.0258
COP,2025-03-02,-0.4767
COP,2025-04-14,0.4404
COP,2025-04-17,0.0
COP,2025-06-23,0.41915
COP,2025-09-12,-0.1779
COP,2025-09-19,0.0
COP,2025-09-24,-0.0516
COP,2025-09-30,0.0
COP,2025-11-26,0.21469999999999997
COP,2025-12-17,0.25
CORT,2025-12-31,0.4939
COST,2025-01-31,0.0
COST,2025-04-07,0.8271
COST,2025-11-27,0.0
COST,2025-12-25,0.2686
CRCL,2025-11-12,0.1027
CRM,2025-02-25,0.0
CRM,2025-05-26,0.0
CRSR,2025-05-29,0.1779
CRWD,2025-08-27,0.3612
CRWD,2025-12-29,0.4939
CRWD,2025-12-31,0.9486
CRWL,2025-08-27,0.775
CRWV,2025-05-23,0.0
CRWV,2025-05-25,-0.0754
CRWV,2025-05-26,0.3818
CRWV,2025-08-27,0.0
CRWV,2025-08-29,0.6747000000000001
CRWV,2025-09-30,0.0
CRWV,2025-11-20,-0.0366
CRWV,2025-12-20,0.5667
CVE,2025-01-05,0.7783
CVE,2025-02-23,0.8555
CVE,2025-04-06,0.8555
CVE,2025-04-13,0.8555
CVE,2025-07-20,0.8555
CVE,2025-07-27,0.8555
CVE,2025-08-03,0.8555
CVE,2025-11-09,0.8555
CVE,2025-11-30,0.8555
CVNA,2025-01-13,-0.8074
CVNA,2025-02-06,-0.2732
CVNA,2025-02-09,-0.4939
CVNA,2025-11-21,0.0
CVNA,2025-11-24,-0.6705
CVNA,2025-11-29,0.0
CVNA,2025-12-23,0.5106
CVS,2025-10-12,0.9267
CVX,2025-03-03,0.8074
CVX,2025-03-05,0.08895000000000003
CVX,2025-03-12,0.0
CVX,2025-03-25,0.5859
CVX,2025-04-07,0.40164999999999995
CVX,2025-04-08,-0.17055
CVX,2025-04-10,0.0
CVX,2025-04-11,0.0
CVX,2025-04-15,0.8658
CVX,2025-04-16,-0.3182
CVX,2025-05-04,-0.8047
CVX,2025-05-09,0.1531
CVX,2025-05-21,0.9235
CVX,2025-05-26,-0.6705
CVX,2025-05-30,0.743
CVX,2025-06-23,-0.0398
CVX,2025-07-07,0.8201
CVX,2025-07-08,0.6124
CVX,2025-07-15,0.0
CVX,2025-07-18,-0.3182
CVX,2025-07-31,0.0
CVX,2025-08-05,0.4404
CVX,2025-08-06,-0.4767
CVX,2025-08-11,-0.1779
CVX,2025-08-28,0.0
CVX,2025-08-31,0.0
CVX,2025-09-02,0.6369
CVX,2025-09-12,-0.4588
CVX,2025-10-22,0.9366
CVX,2025-11-14,0.886
CVX,2025-11-17,0.8316
CVX,2025-11-24,-0.4215
CVX,2025-12-09,0.0
CVX,2025-12-17,0.8481
CVX,2025-12-21,0.0
CVX,2025-12-25,0.8591
CVX,2025-12-29,0.1531
CVX,2025-12-30,0.2732
CVX,2025-12-31,0.44015
DAL,2025-04-07,0.0
DASH,2025-06-21,0.9531
DASH,2025-08-28,-0.4767
DELL,2025-08-29,0.0
DG,2025-01-15,0.7184
DHI,2025-07-03,0.5267
DIA,2025-01-06,-0.4939
DIA,2025-01-09,0.0
DIA,2025-01-12,-0.4939
DIA,2025-01-23,-0.3454
DIA,2025-02-14,0.0772
DIA,2025-04-11,-0.6249
DIA,2025-05-28,-0.6597
DIA,2025-08-13,0.93
DIA,2025-08-29,-0.9761
DIA,2025-09-01,0.93
DIA,2025-09-03,0.4404
DIA,2025-09-04,0.2732
DIA,2025-09-05,0.93
DIA,2025-09-08,0.6597
DIA,2025-09-29,0.93
DIA,2025-10-07,0.7647
DIA,2025-10-08,0.21075
DIA,2025-10-09,0.0
DIA,2025-10-14,0.5994
DIA,2025-10-21,0.3818
DIA,2025-10-22,0.3182
DIA,2025-11-05,0.4939
DIA,2025-11-06,0.384
DIA,2025-12-10,0.2914
DIA,2025-12-12,0.5106
DIA,2025-12-13,0.0
DIA,2025-12-18,0.0
DIA,2025-12-21,0.0
DIA,2025-12-23,-0.21075
DIA,2025-12-25,-0.0749
DIS,2025-01-27,-0.5859
DIS,2025-12-27,0.985
DIS,2025-12-29,0.9287
DJI,2025-12-19,0.5719
DJI,2025-12-30,0.0
DJI,2025-12-31,0.7234
DJIA,2025-01-08,-0.5106
DJIA,2025-04-09,-0.033
DJIA,2025-04-24,0.0
DJIA,2025-06-13,0.5719
DJIA,2025-08-26,0.9825
DJIA,2025-10-30,-0.4588
DJT,2025-01-06,0.4795
DJT,2025-01-15,0.3612
DJT,2025-02-11,-0.10534999999999997
DJT,2025-02-27,0.5719
DJT,2025-03-08,-0.10730000000000003
DJT,2025-05-03,0.0
DJT,2025-05-22,0.8074
DJT,2025-05-26,-0.2732
DJT,2025-05-29,0.46883333333333327
DJT,2025-07-03,-0.1531
DJT,2025-07-06,0.743
DJT,2025-08-29,0.0516
DJT,2025-10-09,0.4523
DJT,2025-11-26,0.0
DJT,2025-11-30,0.2732
DJT,2025-12-24,0.743
DJT,2025-12-31,0.7184
DKNG,2025-10-14,0.0
DOW,2025-09-28,0.9814
DPZ,2025-10-13,0.0
DUK,2025-08-03,0.0
E,2025-06-23,0.64515
EBAY,2025-01-13,0.0
ELF,2025-03-10,0.0
ELF,2025-11-08,0.128
EMN,2025-05-30,0.9371
ENB,2025-07-31,0.6124
EOSE,2025-07-27,0.7955
EOSE,2025-11-26,0.4215
EPD,2025-10-27,0.8089
ERX,2025-12-03,0.0
ES_F,2025-08-26,-0.3612
ETH,2025-07-30,0.91
ETH,2025-10-24,-0.4404
ETH.X,2025-02-28,0.0
ETH.X,2025-08-27,0.0
ETH.X,2025-10-24,0.0
ETH.X,2025-12-01,-0.1446
ETH.X,2025-12-02,0.7269
ETH.X,2025-12-15,0.2844
ETH.X,2025-12-23,0.3182
ETN,2025-01-30,0.0
EXE,2025-06-23,0.0
F,2025-01-13,0.5719
F,2025-04-08,0.4404
F,2025-05-01,-0.8097
FANG,2025-05-08,-0.1531
FANG,2025-06-22,0.0
FARTBOY.X,2025-03-08,0.4588
FAZ,2025-04-14,0.8885
FDX,2025-11-07,0.0
FITB,2025-12-04,0.0
FTSE,2025-03-25,-0.3818
FTSE,2025-04-09,0.8555
FUBO,2025-01-29,0.9078
FUBO,2025-05-01,0.0
FUBO,2025-11-19,0.0
GA,2025-06-28,0.8625
GDX,2025-04-26,0.4939
GE,2025-10-20,0.0
GE,2025-10-21,0.0
GLD,2025-06-24,0.0
GLD,2025-08-29,0.0
GLD,2025-12-01,-0.5574
GLD,2025-12-12,-0.42925
GLD,2025-12-17,-0.4767
GLD,2025-12-21,0.0
GLD,2025-12-22,0.0516
GLD,2025-12-26,0.0
GM,2025-05-18,0.7184
GM,2025-07-21,0.0
GM,2025-12-31,-0.1779
GME,2025-04-05,0.9153
GME,2025-05-28,0.0
GME,2025-08-26,0.891
GME,2025-11-28,0.0
GOOG,2025-03-26,0.0
GOOG,2025-05-28,0.65565
GOOG,2025-05-29,-0.128
GOOG,2025-08-27,-0.1531
GOOG,2025-08-28,-0.4215
GOOG,2025-08-29,-0.1027
GOOG,2025-08-30,0.0
GOOG,2025-11-18,0.7906
GOOG,2025-11-22,0.0
GOOG,2025-11-25,0.39225
GOOG,2025-11-26,-0.13455
GOOG,2025-11-27,0.0204
GOOG,2025-11-28,-0.565025
GOOG,2025-11-29,-0.02165
GOOG,2025-11-30,0.6249
GOOG,2025-12-08,0.07655
GOOG,2025-12-10,-0.4019
GOOG,2025-12-12,0.0
GOOG,2025-12-16,0.34
GOOG,2025-12-19,0.1366
GOOG,2025-12-22,0.0
GOOG,2025-12-23,-0.1779
GOOG,2025-12-25,0.2382
GOOGL,2025-02-27,0.7906
GOOGL,2025-02-28,0.0516
GOOGL,2025-05-16,0.8779
GOOGL,2025-05-29,-0.5859
GOOGL,2025-08-22,0.0
GOOGL,2025-08-25,0.420075
GOOGL,2025-08-26,-0.7834
GOOGL,2025-08-28,0.48503333333333337
GOOGL,2025-08-29,0.0
GOOGL,2025-09-16,0.34
GOOGL,2025-11-18,-0.064
GOOGL,2025-11-19,0.0516
GOOGL,2025-11-20,0.08694999999999999
GOOGL,2025-11-21,0.34900000000000003
GOOGL,2025-11-24,0.2000833333333333
GOOGL,2025-11-25,-0.040787500000000004
GOOGL,2025-11-26,0.46346
GOOGL,2025-11-28,0.7848666666666667
GOOGL,2025-11-29,-0.12476666666666665
GOOGL,2025-11-30,-0.2732
GOOGL,2025-12-01,0.5574
GOOGL,2025-12-03,0.7574
GOOGL,2025-12-05,0.0
GOOGL,2025-12-07,-0.25
GOOGL,2025-12-08,-0.019200000000000005
GOOGL,2025-12-09,-0.07366666666666667
GOOGL,2025-12-11,0.39566666666666667
GOOGL,2025-12-12,0.74545
GOOGL,2025-12-13,0.4404
GOOGL,2025-12-14,0.38585
GOOGL,2025-12-15,-0.296
GOOGL,2025-12-16,-0.24125
GOOGL,2025-12-17,0.38849999999999996
GOOGL,2025-12-18,-0.01839999999999999
GOOGL,2025-12-19,0.30545
GOOGL,2025-12-20,0.6855666666666668
GOOGL,2025-12-22,0.6124
GOOGL,2025-12-24,0.91
GOOGL,2025-12-25,0.0307
GOOGL,2025-12-26,0.4498
GOOGL,2025-12-28,0.9459
GOOGL,2025-12-30,0.541975
GOOGL,2025-12-31,0.3244166666666667
GPUS,2025-12-31,0.0
GRAL,2025-02-14,0.3612
GRPN,2025-07-23,0.5574
GRRR,2025-02-14,0.0
GS,2025-01-11,0.0
GS,2025-01-14,0.0
GS,2025-01-15,-0.4767
GS,2025-01-22,0.4939
GS,2025-02-07,0.0
GS,2025-02-11,0.0
GS,2025-02-20,-0.3182
GS,2025-02-24,0.8658
GS,2025-03-17,0.0
GS,2025-03-18,0.5267
GS,2025-03-25,-0.5345
GS,2025-03-27,-0.3228
GS,2025-04-03,0.296
GS,2025-04-09,0.1531
GS,2025-04-14,0.0
GS,2025-04-22,0.0
GS,2025-05-14,0.0
GS,2025-06-01,0.0
GS,2025-06-07,0.0
GS,2025-06-18,0.2133
GS,2025-06-26,0.0387
GS,2025-06-28,0.0
GS,2025-06-30,0.8481
GS,2025-07-02,0.7708999999999999
GS,2025-07-08,0.862
GS,2025-07-09,-0.5574
GS,2025-07-11,0.0
GS,2025-07-15,0.0
GS,2025-07-16,-0.7783
GS,2025-08-08,-0.4019
GS,2025-08-12,0.2924
GS,2025-08-25,0.4588
GS,2025-10-14,0.3286833333333333
GS,2025-10-15,-0.2294
GS,2025-10-30,0.4939
GS,2025-11-03,0.0
GS,2025-11-12,0.4215
GS,2025-11-14,-0.4404
GS,2025-12-02,-0.4853
GS,2025-12-03,0.3612
GS,2025-12-04,0.3612
GS,2025-12-10,-0.3612
GS,2025-12-11,0.0
GSAT,2025-02-12,0.0
GSAT,2025-08-26,-0.04015
GSAT,2025-11-22,0.2732
HAL,2025-05-05,-0.9774
HAL,2025-06-23,0.128
HAL,2025-07-22,-0.9744
HAP,2025-09-15,0.4019
HD,2025-02-14,0.2023
HD,2025-03-23,0.0
HD,2025-11-26,-0.296
HES,2025-01-21,0.6249
HIMS,2025-12-31,0.0
HOLO,2025-02-27,-0.72515
HOOD,2025-02-25,0.5719
HOOD,2025-04-03,0.3612
HOOD,2025-12-28,0.10545000000000002
HUT,2025-12-18,-0.4019
HYFT,2025-12-21,0.0
HYFT,2025-12-22,0.4404
IBGR,2025-05-25,0.4404
IBIT,2025-12-20,0.4404
IBM,2025-08-26,0.059225000000000014
IBM,2025-08-27,-0.5267
IMNM,2025-12-19,0.9042
IMO,2025-09-30,0.5574
IMRN,2025-05-23,0.0
INDO,2025-06-23,0.0
INTC,2025-02-02,0.8402
INTC,2025-02-27,-0.8316
INTC,2025-02-28,-0.1892
INTC,2025-05-28,0.4088
INTC,2025-05-30,-0.6597
INTC,2025-08-26,0.47235000000000005
INTC,2025-08-27,0.5423
INTC,2025-08-28,0.0
INTC,2025-08-29,0.28595
INTC,2025-11-26,0.128
INTC,2025-11-27,0.0
INTC,2025-11-28,0.0
INTC,2025-11-30,0.0
INTC,2025-12-01,0.7615
INTC,2025-12-08,0.6249
INTC,2025-12-12,0.6369
INTC,2025-12-30,0.34
INTC,2025-12-31,0.11080000000000001
IONQ,2025-10-14,-0.2755
IREN,2025-12-16,0.0772
IREN,2025-12-30,0.008099999999999996
IS,2025-11-28,0.0
IS,2025-11-30,0.36819999999999997
IVES,2025-12-30,0.9584
IWM,2025-01-08,-0.6908
IWM,2025-01-15,-0.4767
IWM,2025-04-04,-0.2023
IWM,2025-04-09,0.8319
IWM,2025-04-28,0.34
IWM,2025-08-29,0.7269
IWM,2025-08-30,0.9976
IWM,2025-10-31,-0.3818
IWM,2025-11-26,0.28645
IWM,2025-12-10,0.1806
IWM,2025-12-18,0.0164
IWM,2025-12-19,-0.7932
IWM,2025-12-23,0.26335
IXHL,2025-08-30,0.9217
JBLU,2025-05-29,0.0
JEPI,2025-01-13,0.7579
JNJ,2025-01-13,0.7579
JNJ,2025-03-11,0.8625
JNJ,2025-06-28,0.0
JNJ,2025-07-27,0.0
JNJ,2025-10-14,0.35985
JNJ,2025-12-10,0.4703
JPM,2025-01-06,0.0813
JPM,2025-01-07,-0.017109090909090904
JPM,2025-01-08,0.13464166666666666
JPM,2025-01-09,0.19272499999999998
JPM,2025-01-10,0.17634
JPM,2025-01-11,0.008616666666666661
JPM,2025-01-12,0.14133333333333334
JPM,2025-01-13,0.17563928571428572
JPM,2025-01-14,0.11529230769230768
JPM,2025-01-15,0.16676396396396395
JPM,2025-01-16,0.12093913043478262
JPM,2025-01-17,0.14086842105263156
JPM,2025-01-18,0.077588
JPM,2025-01-19,-0.1783
JPM,2025-01-20,0.3252
JPM,2025-01-21,-0.13704444444444444
JPM,2025-01-22,0.14677
JPM,2025-01-23,-0.18841999999999998
JPM,2025-01-24,0.034505
JPM,2025-01-25,0.418
JPM,2025-01-26,0.32615
JPM,2025-01-27,0.116075
JPM,2025-01-28,-0.16444999999999999
JPM,2025-01-29,0.12442399999999999
JPM,2025-01-30,0.017350000000000015
JPM,2025-01-31,0.03055
JPM,2025-02-01,-0.07878333333333333
JPM,2025-02-02,0.8932
JPM,2025-02-03,-0.022687499999999992
JPM,2025-02-04,0.009137499999999993
JPM,2025-02-05,0.21397777777777777
JPM,2025-02-06,0.35010769230769234
JPM,2025-02-07,0.18645499999999998
JPM,2025-02-08,0.13362727272727273
JPM,2025-02-09,-0.36335
JPM,2025-02-10,0.0
JPM,2025-02-11,0.12421428571428571
JPM,2025-02-12,0.1456125
JPM,2025-02-13,0.15617999999999999
JPM,2025-02-14,0.11502857142857144
JPM,2025-02-15,-0.06791666666666665
JPM,2025-02-16,0.155475
JPM,2025-02-17,0.14049999999999999
JPM,2025-02-18,-0.003533333333333339
JPM,2025-02-19,0.13386
JPM,2025-02-20,0.12436176470588235
JPM,2025-02-21,0.09937692307692308
JPM,2025-02-22,0.14060625
JPM,2025-02-23,0.44332499999999997
JPM,2025-02-24,0.11373181818181818
JPM,2025-02-25,0.10477826086956521
JPM,2025-02-26,0.130125
JPM,2025-02-27,0.0019133333333333225
JPM,2025-02-28,-0.12317499999999998
JPM,2025-03-13,0.042725
JPM,2025-03-14,0.06296666666666667
JPM,2025-03-16,0.10446666666666667
JPM,2025-03-17,0.21023999999999998
JPM,2025-03-18,0.009240000000000003
JPM,2025-03-19,0.17083333333333336
JPM,2025-03-20,0.26744999999999997
JPM,2025-03-21,-0.09030000000000002
JPM,2025-03-22,0.29533333333333334
JPM,2025-03-24,0.872
JPM,2025-03-25,0.16983333333333336
JPM,2025-03-26,0.24570666666666666
JPM,2025-03-27,0.2987666666666667
JPM,2025-03-28,0.2174222222222222
JPM,2025-03-29,-0.20750000000000002
JPM,2025-03-30,-0.4252
JPM,2025-03-31,-0.11315
JPM,2025-04-01,0.15811999999999998
JPM,2025-04-02,-0.1307
JPM,2025-04-03,0.2212777777777778
JPM,2025-04-04,0.025683333333333336
JPM,2025-04-05,0.10476315789473684
JPM,2025-04-06,-0.28586666666666666
JPM,2025-04-07,0.026807407407407415
JPM,2025-04-08,-0.01307272727272727
JPM,2025-04-09,0.01455833333333334
JPM,2025-04-10,0.10662857142857142
JPM,2025-04-11,0.057617816091954016
JPM,2025-04-12,-0.14079999999999998
JPM,2025-04-13,-0.28135
JPM,2025-04-14,0.38187142857142853
JPM,2025-04-15,0.20838571428571426
JPM,2025-04-16,0.09838888888888889
JPM,2025-04-17,0.27492500000000003
JPM,2025-04-18,0.3404
JPM,2025-04-21,-0.2415
JPM,2025-04-22,0.05103333333333334
JPM,2025-04-23,0.0415
JPM,2025-04-24,0.0
JPM,2025-04-25,-0.05459999999999998
JPM,2025-04-26,-0.09457499999999999
JPM,2025-04-28,0.29904000000000003
JPM,2025-04-29,0.35836666666666667
JPM,2025-04-30,-0.0129
JPM,2025-05-02,-0.049850000000000005
JPM,2025-05-04,0.011874999999999997
JPM,2025-05-05,0.08430000000000001
JPM,2025-05-06,0.07304999999999999
JPM,2025-05-07,0.22945
JPM,2025-05-08,0.33699999999999997
JPM,2025-05-09,0.02933333333333334
JPM,2025-05-10,0.0
JPM,2025-05-12,0.4230333333333333
JPM,2025-05-13,0.2228
JPM,2025-05-14,0.0
JPM,2025-05-15,-0.0010800000000000033
JPM,2025-05-16,0.5137666666666667
JPM,2025-05-17,0.40376666666666666
JPM,2025-05-18,0.24606666666666666
JPM,2025-05-19,0.014261111111111106
JPM,2025-05-20,0.14394444444444446
JPM,2025-05-21,0.4488857142857143
JPM,2025-05-22,0.18057142857142858
JPM,2025-05-23,0.06873333333333333
JPM,2025-05-24,0.63425
JPM,2025-05-25,-0.1956
JPM,2025-05-27,0.27984
JPM,2025-05-28,0.20633999999999997
JPM,2025-05-29,0.27714285714285714
JPM,2025-05-30,-0.19831249999999997
JPM,2025-06-01,0.07115
JPM,2025-06-02,0.05727500000000002
JPM,2025-06-03,-0.0318
JPM,2025-06-04,0.07126666666666666
JPM,2025-06-05,0.52125
JPM,2025-06-06,0.26598
JPM,2025-06-07,-0.1897333333333333
JPM,2025-06-08,-0.05135
JPM,2025-06-09,0.1099285714285714
JPM,2025-06-10,0.06484545454545455
JPM,2025-06-11,-0.022733333333333338
JPM,2025-06-12,0.0
JPM,2025-06-13,0.06591818181818182
JPM,2025-06-16,0.33771999999999996
JPM,2025-06-17,0.15088888888888888
JPM,2025-06-18,0.08450833333333334
JPM,2025-06-19,0.230125
JPM,2025-06-20,-0.1721
JPM,2025-06-22,0.0
JPM,2025-06-23,0.0
JPM,2025-06-24,-0.10853333333333333
JPM,2025-06-25,0.32235
JPM,2025-06-26,-0.13169999999999998
JPM,2025-06-27,0.140875
JPM,2025-06-28,0.5884
JPM,2025-06-30,0.0398
JPM,2025-07-01,0.09866666666666667
JPM,2025-07-02,0.28723076923076923
JPM,2025-07-03,0.3685363636363636
JPM,2025-07-04,-0.1998
JPM,2025-07-05,0.3818
JPM,2025-07-06,0.6589
JPM,2025-07-07,0.25682
JPM,2025-07-08,0.17943030303030302
JPM,2025-07-09,0.07161999999999999
JPM,2025-07-10,0.11624166666666667
JPM,2025-07-11,0.23538571428571428
JPM,2025-07-12,-0.06305
JPM,2025-07-13,0.4949666666666667
JPM,2025-07-14,0.37148695652173913
JPM,2025-07-15,0.1744559633027523
JPM,2025-07-16,0.055670833333333336
JPM,2025-07-17,0.1420857142857143
JPM,2025-07-18,0.105225
JPM,2025-07-19,0.25943333333333335
JPM,2025-07-21,0.34052
JPM,2025-07-22,-0.17856666666666665
JPM,2025-07-23,0.07783333333333332
JPM,2025-07-24,0.07915263157894736
JPM,2025-07-25,0.009037499999999997
JPM,2025-07-26,0.8957
JPM,2025-07-28,0.3542
JPM,2025-07-29,0.17424285714285714
JPM,2025-07-30,0.1005
JPM,2025-07-31,0.013614285714285706
JPM,2025-08-01,0.20409999999999998
JPM,2025-08-02,0.0
JPM,2025-08-04,0.2759333333333333
JPM,2025-08-05,0.15799333333333332
JPM,2025-08-06,0.21146000000000004
JPM,2025-08-07,0.296
JPM,2025-08-08,0.016649999999999998
JPM,2025-08-09,-0.07962499999999999
JPM,2025-08-11,-0.04684999999999999
JPM,2025-08-12,0.0
JPM,2025-08-13,-0.005466666666666675
JPM,2025-08-14,0.2806125
JPM,2025-08-15,0.10435714285714284
JPM,2025-08-16,-0.6124
JPM,2025-08-18,-0.013142857142857147
JPM,2025-08-19,0.20095
JPM,2025-08-20,0.4329
JPM,2025-08-21,0.79565
JPM,2025-08-22,0.23441111111111113
JPM,2025-08-23,0.7783
JPM,2025-08-24,0.7096
JPM,2025-08-25,0.24534285714285714
JPM,2025-08-26,0.47690000000000005
JPM,2025-08-27,0.07587619047619047
JPM,2025-08-28,-0.005616666666666677
JPM,2025-08-29,0.26082222222222223
JPM,2025-08-30,0.36676666666666663
JPM,2025-09-12,0.93
JPM,2025-10-13,0.33734545454545456
JPM,2025-10-14,0.15499108910891088
JPM,2025-10-15,0.07186666666666666
JPM,2025-10-16,0.0905529411764706
JPM,2025-10-17,-0.07160384615384616
JPM,2025-10-18,0.027239999999999986
JPM,2025-10-19,0.24625000000000002
JPM,2025-10-20,0.08744545454545455
JPM,2025-10-21,-0.011622222222222232
JPM,2025-10-22,-0.03566666666666666
JPM,2025-10-23,-0.23307777777777774
JPM,2025-10-24,0.1320181818181818
JPM,2025-10-25,0.0
JPM,2025-10-26,-0.34
JPM,2025-10-27,0.18721666666666667
JPM,2025-10-28,0.44882
JPM,2025-10-29,0.44094
JPM,2025-10-30,0.3174111111111111
JPM,2025-10-31,0.2014
JPM,2025-11-01,0.2023
JPM,2025-11-02,0.0386
JPM,2025-11-03,0.31012
JPM,2025-11-04,0.10461666666666668
JPM,2025-11-05,-0.6808
JPM,2025-11-06,0.164625
JPM,2025-11-07,0.07013571428571429
JPM,2025-11-08,0.054014285714285716
JPM,2025-11-09,0.2553
JPM,2025-11-10,-0.2320625
JPM,2025-11-11,0.4567
JPM,2025-11-12,0.15723
JPM,2025-11-13,0.07923571428571428
JPM,2025-11-14,0.09585333333333333
JPM,2025-11-15,0.25562999999999997
JPM,2025-11-17,0.153
JPM,2025-11-18,-0.03453333333333333
JPM,2025-11-19,0.14243333333333333
JPM,2025-11-20,0.13319999999999999
JPM,2025-11-21,-0.057824999999999994
JPM,2025-11-22,-0.5106
JPM,2025-11-24,-0.0029239999999999986
JPM,2025-11-25,0.087395
JPM,2025-11-26,-0.20808181818181817
JPM,2025-11-27,-0.0401
JPM,2025-11-28,0.3159666666666667
JPM,2025-11-29,0.17780000000000004
JPM,2025-11-30,-0.6265499999999999
JPM,2025-12-01,-0.015257142857142858
JPM,2025-12-02,0.030899999999999997
JPM,2025-12-03,0.16778666666666667
JPM,2025-12-04,0.0903
JPM,2025-12-05,-0.112075
JPM,2025-12-06,0.26833333333333337
JPM,2025-12-08,-0.03579999999999999
JPM,2025-12-09,0.020916
JPM,2025-12-10,0.027680408163265304
JPM,2025-12-11,0.11788823529411765
JPM,2025-12-12,0.16447916666666665
JPM,2025-12-13,-0.0772
JPM,2025-12-14,0.6808
JPM,2025-12-15,0.30516875
JPM,2025-12-16,0.01975555555555555
JPM,2025-12-17,0.4296875
JPM,2025-12-18,0.26677142857142855
JPM,2025-12-19,0.23532857142857141
JPM,2025-12-20,0.0
JPM,2025-12-21,0.0
JPM,2025-12-22,0.18424
JPM,2025-12-23,0.18295
JPM,2025-12-24,0.27706923076923073
JPM,2025-12-25,0.5066666666666667
JPM,2025-12-26,0.35223333333333334
JPM,2025-12-27,-0.32965
JPM,2025-12-28,0.26828
JPM,2025-12-29,0.01597500000000001
JPM,2025-12-30,0.2437
JPM,2025-12-31,0.2492
JTEK,2025-02-19,0.6369
KBE,2025-10-29,0.9062
KDP,2025-03-28,-0.5574
KDP,2025-06-24,0.6369
KDP,2025-07-15,0.8957
KDP,2025-09-22,0.7951
KDP,2025-11-11,0.3847
KLAR,2025-12-22,-0.2748
KNOW,2025-11-28,0.08275
KNOW,2025-11-29,0.0772
KNOW,2025-11-30,-0.0772
KO,2025-01-02,0.016263636363636366
KO,2025-01-03,0.1694142857142857
KO,2025-01-04,-0.26017142857142855
KO,2025-01-05,-0.135575
KO,2025-01-06,-0.10858888888888887
KO,2025-01-07,-0.15986428571428574
KO,2025-01-08,-0.12247777777777778
KO,2025-01-09,-0.0696
KO,2025-01-10,0.27086666666666664
KO,2025-01-11,-0.04367500000000002
KO,2025-01-12,0.11315
KO,2025-01-13,0.28635
KO,2025-01-14,0.08155999999999998
KO,2025-01-15,-0.05099545454545454
KO,2025-01-16,-0.16954117647058822
KO,2025-01-17,-0.15590769230769233
KO,2025-01-18,-0.15205
KO,2025-01-19,0.44386666666666663
KO,2025-01-20,0.3832
KO,2025-01-21,0.25470000000000004
KO,2025-01-22,-0.0557875
KO,2025-01-23,0.10173999999999998
KO,2025-01-24,0.3325666666666667
KO,2025-01-25,0.10346000000000002
KO,2025-01-26,0.7351
KO,2025-01-27,0.1806142857142857
KO,2025-01-28,0.31349166666666667
KO,2025-01-29,0.18400625
KO,2025-01-30,0.07619999999999999
KO,2025-01-31,0.12816249999999998
KO,2025-02-01,0.03515
KO,2025-02-02,0.4215
KO,2025-02-03,0.14924999999999997
KO,2025-02-04,-0.036792307692307694
KO,2025-02-05,0.1497166666666667
KO,2025-02-06,-0.3002076923076923
KO,2025-02-07,-0.003944444444444441
KO,2025-02-08,-0.10215714285714286
KO,2025-02-09,0.11313333333333332
KO,2025-02-10,0.27072857142857143
KO,2025-02-11,0.2879807228915663
KO,2025-02-12,0.206675
KO,2025-02-13,0.27315555555555554
KO,2025-02-14,0.11544090909090908
KO,2025-02-15,0.2081714285714286
KO,2025-02-16,0.9902
KO,2025-02-17,-0.1366
KO,2025-02-18,0.21230000000000002
KO,2025-02-19,0.1456090909090909
KO,2025-02-20,0.07955
KO,2025-02-21,-0.03968947368421052
KO,2025-02-22,0.18403333333333335
KO,2025-02-23,0.19217499999999998
KO,2025-02-24,0.3595285714285715
KO,2025-02-25,0.19709999999999997
KO,2025-02-26,0.4259
KO,2025-02-27,0.2956166666666667
KO,2025-02-28,-0.068575
KO,2025-03-01,0.13315
KO,2025-03-02,0.3153
KO,2025-03-03,0.4388888888888889
KO,2025-03-04,0.23496
KO,2025-03-05,-0.02203333333333332
KO,2025-03-06,0.17866666666666667
KO,2025-03-07,0.0945625
KO,2025-03-08,0.6124
KO,2025-03-09,-0.03585
KO,2025-03-10,0.2323166666666667
KO,2025-03-11,-0.024000000000000004
KO,2025-03-12,-0.33315
KO,2025-03-13,-0.07827999999999999
KO,2025-03-14,-0.010566666666666669
KO,2025-03-15,-0.128
KO,2025-03-17,0.167625
KO,2025-03-18,0.5748
KO,2025-03-19,0.0
KO,2025-03-20,0.026400000000000007
KO,2025-03-21,-0.20055
KO,2025-03-22,0.050199999999999995
KO,2025-03-23,-0.3363
KO,2025-03-24,-0.2026
KO,2025-03-25,0.2283875
KO,2025-03-26,0.2794666666666667
KO,2025-03-27,0.12796666666666667
KO,2025-03-28,-0.13967619047619048
KO,2025-03-29,-0.1452
KO,2025-03-30,0.3953
KO,2025-03-31,0.2641857142857143
KO,2025-04-01,-0.06591999999999999
KO,2025-04-02,0.009833333333333341
KO,2025-04-03,0.20455
KO,2025-04-04,0.040342105263157894
KO,2025-04-05,0.05303333333333333
KO,2025-04-06,0.6369
KO,2025-04-07,0.07708571428571429
KO,2025-04-08,0.0899
KO,2025-04-09,-0.10589999999999997
KO,2025-04-10,0.13691818181818183
KO,2025-04-11,0.06412000000000001
KO,2025-04-12,0.7783
KO,2025-04-13,0.148
KO,2025-04-14,0.09676
KO,2025-04-15,-0.1971333333333333
KO,2025-04-16,-0.21075
KO,2025-04-17,0.11970000000000001
KO,2025-04-18,-0.0862
KO,2025-04-21,0.18918333333333334
KO,2025-04-22,-0.0678125
KO,2025-04-23,0.16820909090909092
KO,2025-04-24,0.11592857142857142
KO,2025-04-25,-0.04526
KO,2025-04-26,-0.064
KO,2025-04-27,0.7783
KO,2025-04-28,0.22595714285714288
KO,2025-04-29,0.2517785714285714
KO,2025-04-30,-0.013837500000000003
KO,2025-05-01,-0.03466666666666666
KO,2025-05-02,0.12710000000000002
KO,2025-05-03,0.2787
KO,2025-05-04,-0.21315
KO,2025-05-05,0.27092
KO,2025-05-06,-0.603
KO,2025-05-07,-0.15984999999999996
KO,2025-05-08,0.21261999999999998
KO,2025-05-09,0.0036000000000000034
KO,2025-05-10,0.7783
KO,2025-05-11,-0.05454999999999999
KO,2025-05-12,0.14868749999999997
KO,2025-05-13,-0.04694285714285714
KO,2025-05-14,0.661625
KO,2025-05-15,-0.10846
KO,2025-05-16,-0.0022400000000000085
KO,2025-05-17,0.26
KO,2025-05-19,0.14049999999999999
KO,2025-05-20,0.0
KO,2025-05-21,0.3327
KO,2025-05-23,0.4237666666666667
KO,2025-05-25,0.0
KO,2025-05-27,0.0
KO,2025-05-28,0.29535
KO,2025-05-29,0.6284
KO,2025-05-30,0.414725
KO,2025-05-31,-0.22485
KO,2025-06-06,0.1181
KO,2025-06-07,-0.137125
KO,2025-06-09,0.007246666666666661
KO,2025-06-10,0.03476923076923076
KO,2025-06-11,0.10042857142857142
KO,2025-06-12,0.20178333333333334
KO,2025-06-13,0.256769696969697
KO,2025-06-14,0.194575
KO,2025-06-15,0.61485
KO,2025-06-16,-0.006816666666666659
KO,2025-06-17,-0.06526097560975609
KO,2025-06-18,0.09542142857142857
KO,2025-06-19,-0.209175
KO,2025-06-20,0.18522857142857144
KO,2025-06-21,-0.17
KO,2025-06-23,0.26295714285714283
KO,2025-06-24,0.1227391304347826
KO,2025-06-25,-0.016703225806451606
KO,2025-06-26,0.23789000000000002
KO,2025-06-27,-0.10313000000000001
KO,2025-06-28,0.009236363636363628
KO,2025-06-30,-0.05383414634146341
KO,2025-07-01,0.3848857142857143
KO,2025-07-02,0.40080000000000005
KO,2025-07-03,0.2991
KO,2025-07-05,-0.4703
KO,2025-07-07,0.3612
KO,2025-07-08,0.8427666666666666
KO,2025-07-09,0.37683999999999995
KO,2025-07-10,0.35205
KO,2025-07-11,0.06290000000000001
KO,2025-07-12,0.5719
KO,2025-07-13,0.0
KO,2025-07-14,0.7466
KO,2025-07-15,0.3611
KO,2025-07-16,0.4404
KO,2025-07-17,0.16285833333333333
KO,2025-07-18,0.020855555555555547
KO,2025-07-19,0.60195
KO,2025-07-20,0.0
KO,2025-07-21,0.08295384615384616
KO,2025-07-22,0.07965
KO,2025-07-23,-0.006376470588235287
KO,2025-07-24,0.09826666666666667
KO,2025-07-25,0.38162
KO,2025-07-26,0.20215999999999998
KO,2025-07-28,0.09291111111111111
KO,2025-07-29,0.011860000000000004
KO,2025-07-30,0.1499
KO,2025-07-31,0.38227777777777777
KO,2025-08-01,0.23223333333333337
KO,2025-08-02,0.24325000000000002
KO,2025-08-04,-0.27475
KO,2025-08-05,0.0
KO,2025-08-06,0.2656
KO,2025-08-07,0.34559999999999996
KO,2025-08-08,0.46885
KO,2025-08-09,0.8126
KO,2025-08-10,0.4939
KO,2025-08-12,-0.011400000000000002
KO,2025-08-13,0.20010000000000003
KO,2025-08-14,0.5964666666666667
KO,2025-08-16,0.38915
KO,2025-08-17,0.9493
KO,2025-08-18,-0.195325
KO,2025-08-19,0.21413333333333334
KO,2025-08-20,0.23396923076923076
KO,2025-08-21,0.0733
KO,2025-08-22,0.43445
KO,2025-08-25,0.09889333333333333
KO,2025-08-26,0.19736511627906975
KO,2025-08-27,0.1995185185185185
KO,2025-08-28,0.09840645161290322
KO,2025-08-29,0.34541923076923076
KO,2025-08-30,0.26415
KO,2025-09-03,0.018315294117647065
KO,2025-09-04,0.0190188679245283
KO,2025-09-05,0.0025145454545454633
KO,2025-09-06,-0.003028571428571428
KO,2025-09-07,0.58245
KO,2025-09-08,-0.11360357142857144
KO,2025-09-09,0.08590555555555555
KO,2025-09-10,0.24451153846153847
KO,2025-09-11,0.036375862068965516
KO,2025-09-12,0.020615
KO,2025-09-13,0.25251666666666667
KO,2025-09-14,-0.5574
KO,2025-09-15,0.19195714285714288
KO,2025-09-16,-0.1934142857142857
KO,2025-09-17,0.1909
KO,2025-09-18,0.09965454545454545
KO,2025-09-19,0.13454166666666667
KO,2025-09-20,0.36619999999999997
KO,2025-09-21,0.10816666666666667
KO,2025-09-22,0.12434285714285713
KO,2025-09-23,0.11106666666666666
KO,2025-09-24,0.08292857142857143
KO,2025-09-25,0.017115384615384612
KO,2025-09-26,0.078264
KO,2025-09-27,0.05181666666666667
KO,2025-09-28,-0.9118
KO,2025-09-29,0.28235
KO,2025-09-30,0.05131851851851853
KO,2025-10-01,-0.16666000000000003
KO,2025-10-02,0.22324444444444444
KO,2025-10-03,0.13515
KO,2025-10-04,0.17
KO,2025-10-05,-0.0516
KO,2025-10-06,0.0
KO,2025-10-07,0.5589000000000001
KO,2025-10-08,-0.04489166666666666
KO,2025-10-09,0.10224
KO,2025-10-10,0.1645875
KO,2025-10-11,0.35780625
KO,2025-10-12,-0.1531
KO,2025-10-13,0.06812727272727272
KO,2025-10-14,0.04651999999999999
KO,2025-10-15,0.034420000000000006
KO,2025-10-16,-0.28175
KO,2025-10-17,0.51995
KO,2025-10-18,-0.019166666666666665
KO,2025-10-19,0.0
KO,2025-10-20,0.26786666666666664
KO,2025-10-21,0.2152851851851852
KO,2025-10-22,0.23569999999999997
KO,2025-10-23,0.33755999999999997
KO,2025-10-24,0.47454
KO,2025-10-26,0.0
KO,2025-10-27,-0.12319999999999999
KO,2025-10-28,0.326925
KO,2025-10-29,0.10558000000000001
KO,2025-10-30,-0.019439999999999992
KO,2025-10-31,-0.2716
KO,2025-11-01,0.0
KO,2025-11-03,-0.2787
KO,2025-11-04,0.239325
KO,2025-11-05,0.160225
KO,2025-11-06,-0.13396666666666665
KO,2025-11-07,0.1655
KO,2025-11-08,0.6124
KO,2025-11-10,0.4215
KO,2025-11-11,0.33516
KO,2025-11-12,0.2782
KO,2025-11-13,0.0258
KO,2025-11-14,0.34063333333333334
KO,2025-11-18,0.3406666666666667
KO,2025-11-19,0.0
KO,2025-11-20,0.296
KO,2025-11-21,0.081775
KO,2025-11-22,0.32183333333333336
KO,2025-11-24,0.1366
KO,2025-11-25,0.8047
KO,2025-11-26,0.4019
KO,2025-11-27,-0.3058666666666667
KO,2025-11-28,0.11599999999999999
KO,2025-11-29,0.33213333333333334
KO,2025-11-30,-0.4703
KO,2025-12-01,0.0
KO,2025-12-02,-0.008033333333333337
KO,2025-12-03,0.28005
KO,2025-12-04,-0.2073
KO,2025-12-05,0.16487500000000002
KO,2025-12-08,-0.1591
KO,2025-12-09,0.23653333333333335
KO,2025-12-10,0.4761
KO,2025-12-11,0.16947
KO,2025-12-12,-0.118575
KO,2025-12-13,0.2294
KO,2025-12-14,0.0
KO,2025-12-15,-0.4939
KO,2025-12-16,0.0
KO,2025-12-17,-0.18095000000000003
KO,2025-12-18,-0.280925
KO,2025-12-19,-0.0918285714285714
KO,2025-12-20,0.21989999999999998
KO,2025-12-21,0.21075
KO,2025-12-22,-0.4767
KO,2025-12-23,-0.29615
KO,2025-12-24,0.12590909090909091
KO,2025-12-25,0.19218333333333334
KO,2025-12-26,-0.0772
KO,2025-12-27,-0.00949999999999999
KO,2025-12-29,0.6722333333333333
KO,2025-12-30,0.05617499999999999
KO,2025-12-31,0.0
KRE,2025-11-24,-0.2023
KRE,2025-12-17,-0.9724
KSS,2025-11-27,0.9284
KWEB,2025-12-31,-0.25
LCID,2025-08-29,-0.3182
LCID,2025-12-23,0.3182
LFST,2025-05-27,0.3182
LINK.X,2025-05-15,0.4939
LKNCY,2025-05-26,0.7096
LLY,2025-02-27,-0.5267
LLY,2025-02-28,-0.7579
LLY,2025-11-24,0.8074
LLY,2025-11-25,0.0
LMDX,2025-02-07,0.0
LMT,2025-04-11,0.4939
LMT,2025-06-23,-0.296
LMT,2025-06-24,-0.14725
LUNR,2025-12-31,0.5267
LUV,2025-08-01,-0.5267
LZ,2025-01-13,0.4019
MA,2025-03-20,-0.5574
MA,2025-06-17,-0.4356
MA,2025-07-16,0.6597
MANU,2025-08-13,0.4215
MAR,2025-07-10,0.4215
MAR,2025-07-18,0.4215
MCD,2025-01-04,0.1406
MCD,2025-01-15,-0.4703
MCD,2025-02-10,0.0
MCD,2025-02-18,-0.4703
MCD,2025-02-22,0.1406
MCD,2025-02-25,0.4854
MCD,2025-02-28,-0.4703
MCD,2025-03-10,-0.4703
MCD,2025-03-15,0.1406
MCD,2025-03-22,0.1406
MCD,2025-04-05,-0.16485
MCD,2025-04-18,0.7783
MCD,2025-05-01,-0.4703
MCD,2025-05-03,0.7783
MCD,2025-05-24,0.7783
MCD,2025-05-26,-0.4703
MCD,2025-05-31,0.7783
MCD,2025-06-21,0.154
MCD,2025-06-28,0.7783
MCD,2025-07-05,0.7783
MCD,2025-07-12,0.7783
MCD,2025-08-02,0.7783
MCD,2025-08-23,-0.4703
MCD,2025-08-30,0.7783
MCD,2025-09-05,-0.4703
MCD,2025-09-20,-0.4703
MCD,2025-11-15,-0.4703
MCD,2025-12-01,0.7717
MCD,2025-12-10,-0.4703
MCD,2025-12-15,0.1063
MCOM,2025-12-10,-0.3182
MDB,2025-08-27,0.3612
MDLZ,2025-05-13,0.1901
META,2025-02-11,0.3638
META,2025-02-12,0.8555
META,2025-02-25,-0.699
META,2025-02-26,0.08895
META,2025-02-27,-0.3062
META,2025-04-05,0.0
META,2025-05-01,0.836
META,2025-05-28,0.0
META,2025-06-22,0.0
META,2025-08-22,0.0194
META,2025-08-23,0.6652
META,2025-08-25,0.3612
META,2025-08-27,0.0
META,2025-08-28,0.0
META,2025-08-30,0.0
META,2025-11-18,0.07721999999999998
META,2025-11-19,0.5323
META,2025-11-20,0.5060333333333333
META,2025-11-21,0.08768000000000001
META,2025-11-24,-0.17039999999999997
META,2025-11-25,0.22849999999999998
META,2025-11-26,0.0
META,2025-11-28,0.46002
META,2025-11-29,-0.1591
META,2025-11-30,0.0
META,2025-12-01,0.2099333333333333
META,2025-12-02,0.1027
META,2025-12-03,0.321
META,2025-12-04,0.04764
META,2025-12-05,0.8689
META,2025-12-06,0.6522
META,2025-12-08,0.4215
META,2025-12-10,0.3291
META,2025-12-11,-0.4588
META,2025-12-15,0.0007000000000000062
META,2025-12-16,0.6249
META,2025-12-17,0.3818
META,2025-12-18,-0.4588
META,2025-12-19,0.014460000000000006
META,2025-12-20,0.07430000000000003
META,2025-12-22,-0.22335
META,2025-12-23,-0.5423
META,2025-12-24,0.7096
META,2025-12-25,0.0
META,2025-12-26,-0.33105
META,2025-12-30,-0.4404
META,2025-12-31,-0.04530000000000001
MIST,2025-11-28,0.0
MJ,2025-08-29,-0.296
MMM,2025-03-08,0.1406
MNST,2025-06-23,0.9719
MNST,2025-08-26,0.872
MO,2025-03-10,-0.009199999999999986
MPC,2025-02-09,0.7783
MPC,2025-05-25,0.8555
MPC,2025-06-16,-0.1779
MPC,2025-08-10,0.8555
MPC,2025-09-14,0.8555
MPC,2025-10-05,0.8555
MPC,2025-10-19,0.8555
MPC,2025-11-16,0.8555
MPC,2025-12-28,0.8555
MRNA,2025-01-27,0.8384
MRVL,2025-02-28,0.234
MRVL,2025-05-25,0.4588
MRVL,2025-05-27,0.0
MRVL,2025-05-30,0.0772
MRVL,2025-11-30,0.0387
MRVL,2025-12-23,0.3182
MS,2025-01-26,0.7269
MS,2025-02-21,-0.296
MS,2025-02-22,0.5267
MS,2025-03-29,-0.46429999999999993
MS,2025-04-07,0.4215
MS,2025-04-09,0.6249
MS,2025-04-10,0.631
MS,2025-04-11,-0.012700000000000013
MS,2025-05-01,0.0
MS,2025-05-17,0.8834
MS,2025-05-20,-0.2732
MS,2025-05-23,0.9779
MS,2025-07-02,0.9531
MS,2025-08-12,0.8223499999999999
MS,2025-08-27,0.4404
MS,2025-12-01,0.0772
MS,2025-12-11,0.0
MS,2025-12-22,0.5256
MS,2025-12-28,-0.9052
MSFT,2025-01-17,0.0
MSFT,2025-02-12,0.0
MSFT,2025-02-20,0.34
MSFT,2025-02-25,0.2536
MSFT,2025-02-26,0.1779
MSFT,2025-05-19,0.34
MSFT,2025-05-22,0.39676666666666666
MSFT,2025-05-27,-0.5423
MSFT,2025-05-28,0.0
MSFT,2025-05-29,0.3612
MSFT,2025-05-30,0.5363
MSFT,2025-05-31,0.4019
MSFT,2025-06-08,-0.4782
MSFT,2025-06-27,-0.5267
MSFT,2025-08-23,0.0
MSFT,2025-08-24,0.0
MSFT,2025-08-25,0.7783
MSFT,2025-08-27,-0.2097
MSFT,2025-08-29,0.0
MSFT,2025-08-30,0.30746666666666667
MSFT,2025-11-18,-0.2263
MSFT,2025-11-19,0.02200000000000002
MSFT,2025-11-21,-0.4939
MSFT,2025-11-25,0.6249
MSFT,2025-11-26,0.69845
MSFT,2025-11-28,-0.123675
MSFT,2025-11-29,0.3505
MSFT,2025-11-30,-0.005266666666666679
MSFT,2025-12-02,0.6705
MSFT,2025-12-03,0.09953333333333332
MSFT,2025-12-04,0.29625
MSFT,2025-12-05,-0.10524999999999998
MSFT,2025-12-08,-0.31845
MSFT,2025-12-09,0.2263
MSFT,2025-12-10,-0.3665111111111111
MSFT,2025-12-11,0.05048181818181818
MSFT,2025-12-12,0.09274999999999997
MSFT,2025-12-13,0.10606666666666666
MSFT,2025-12-14,0.0
MSFT,2025-12-15,-0.0394
MSFT,2025-12-16,0.6808
MSFT,2025-12-17,-0.191275
MSFT,2025-12-18,0.052483333333333326
MSFT,2025-12-19,0.5323
MSFT,2025-12-20,0.0
MSFT,2025-12-22,0.266425
MSFT,2025-12-23,0.08194999999999997
MSFT,2025-12-24,-0.28459999999999996
MSFT,2025-12-25,0.5106
MSFT,2025-12-26,0.0
MSFT,2025-12-27,0.4019
MSFT,2025-12-30,0.5859
MSFT,2025-12-31,0.23565
MSFTX.X,2025-12-10,-0.3658
MSI,2025-11-28,0.0
MSI,2025-11-29,0.2202
MSI,2025-11-30,-0.1366
MSTR,2025-02-26,0.0
MSTR,2025-02-28,0.0
MSTR,2025-11-23,0.4215
MSTR,2025-11-24,0.031349999999999996
MSTR,2025-11-25,0.5267
MSTR,2025-11-26,-0.13623333333333335
MSTR,2025-12-02,-0.6249
MSTR,2025-12-03,0.4478
MSTR,2025-12-08,-0.9201
MSTR,2025-12-15,0.0
MSTR,2025-12-16,-0.7506
MSTR,2025-12-21,0.9704
MSTX,2025-02-17,0.0
MTSI,2025-12-31,0.5719
MU,2025-02-26,-0.4168
MU,2025-02-27,0.0
MU,2025-05-28,-0.31845
MU,2025-05-30,0.0
MU,2025-08-28,0.5466666666666667
MU,2025-11-10,0.9657
MU,2025-11-25,0.9226
MU,2025-11-26,0.0
MU,2025-12-11,0.0
MU,2025-12-18,-0.1785
MU,2025-12-22,0.3612
MU,2025-12-23,0.7956
MU,2025-12-24,0.0695
MU,2025-12-28,0.0516
MU,2025-12-29,0.16463333333333333
MU,2025-12-30,0.37966
MU,2025-12-31,-0.33515
MUFG,2025-08-20,0.7579
NASDAQ,2025-08-27,0.0
NASDAQ,2025-08-31,0.0
NB,2025-10-16,0.5106
NBIS,2025-08-27,0.8124
NDX,2025-08-27,0.0
NFLX,2025-06-22,0.872
NFLX,2025-07-09,0.0
NFLX,2025-07-14,0.0
NFLX,2025-08-26,0.6486
NFLX,2025-11-21,0.9629
NFLX,2025-11-23,0.3612
NFLX,2025-12-01,0.0
NFLX,2025-12-02,0.4313
NFLX,2025-12-03,-0.061099999999999995
NFLX,2025-12-04,0.4215
NFLX,2025-12-05,-0.46655
NFLX,2025-12-08,-0.1027
NFLX,2025-12-10,-0.3897857142857143
NFLX,2025-12-11,-0.39901666666666663
NFLX,2025-12-12,0.06964999999999999
NFLX,2025-12-23,-0.6486
NIFTY50.NSE,2025-04-25,0.0
NIFTY50.NSE,2025-08-27,0.0
NIFTY50.NSE,2025-10-02,0.5574
NIFTY50.NSE,2025-10-24,0.836
NIFTY50.NSE,2025-11-25,0.0
NIFTY50.NSE,2025-11-26,-0.4588
NIFTY50.NSE,2025-11-27,-0.6369
NIFTY50.NSE,2025-12-28,0.0
NIFTYBANK.NSE,2025-11-26,0.5092
NINE,2025-07-08,0.0
NIO,2025-08-30,0.4767
NIO,2025-11-27,0.5719
NIO,2025-11-28,0.0
NIO,2025-11-29,0.7269
NIO,2025-11-30,0.765
NIO,2025-12-31,0.4767
NKE,2025-03-15,0.0
NKE,2025-11-25,0.8225
NKE,2025-12-23,0.0
NKE,2025-12-24,0.3144
NKE,2025-12-25,-0.296
NKE,2025-12-27,0.0516
NKE,2025-12-28,0.0
NKE,2025-12-30,0.2023
NKE,2025-12-31,0.5224500000000001
NOW,2025-11-29,0.6808
NQ_F,2025-02-11,0.2415
NSRGY,2025-04-15,-0.4019
NVD,2025-05-26,-0.5216
NVD,2025-08-29,0.775
NVDA,2025-01-11,0.5859
NVDA,2025-02-11,0.0610912
NVDA,2025-02-12,0.020734576271186442
NVDA,2025-02-14,0.03968783783783783
NVDA,2025-02-15,0.14653888888888889
NVDA,2025-02-16,0.1505810810810811
NVDA,2025-02-17,0.1462315789473684
NVDA,2025-02-25,0.01086631578947369
NVDA,2025-02-26,0.15251515151515152
NVDA,2025-02-27,0.43165
NVDA,2025-02-28,0.14110000000000003
NVDA,2025-03-05,0.4678
NVDA,2025-04-04,0.5859
NVDA,2025-05-22,0.17203157894736842
NVDA,2025-05-23,0.032963043478260866
NVDA,2025-05-24,0.2093184210526316
NVDA,2025-05-25,0.10541788617886179
NVDA,2025-05-26,0.06014104477611941
NVDA,2025-05-27,0.09225432098765432
NVDA,2025-05-28,0.2362
NVDA,2025-05-29,0.1521142857142857
NVDA,2025-05-30,0.17146153846153847
NVDA,2025-05-31,0.33825
NVDA,2025-06-16,0.0
NVDA,2025-06-22,0.0
NVDA,2025-07-01,0.2023
NVDA,2025-08-24,0.7184
NVDA,2025-08-25,0.83565
NVDA,2025-08-26,0.030399999999999983
NVDA,2025-08-27,0.05545074626865672
NVDA,2025-08-28,0.05330000000000001
NVDA,2025-08-29,-0.017188944723618094
NVDA,2025-08-30,0.01933625
NVDA,2025-08-31,-0.25096666666666667
NVDA,2025-10-16,0.2023
NVDA,2025-10-25,0.0
NVDA,2025-11-06,0.765
NVDA,2025-11-07,0.4201
NVDA,2025-11-17,-0.0258
NVDA,2025-11-18,0.0
NVDA,2025-11-19,0.04365714285714285
NVDA,2025-11-20,0.1135
NVDA,2025-11-21,-0.021475000000000022
NVDA,2025-11-24,0.24680000000000002
NVDA,2025-11-25,0.10751666666666665
NVDA,2025-11-26,0.03592941176470588
NVDA,2025-11-27,0.22846249999999999
NVDA,2025-11-28,-0.025509803921568628
NVDA,2025-11-29,0.09272522522522524
NVDA,2025-11-30,0.1071904255319149
NVDA,2025-12-01,-0.1531
NVDA,2025-12-02,0.5859
NVDA,2025-12-03,0.25943333333333335
NVDA,2025-12-04,0.10442
NVDA,2025-12-05,-0.937
NVDA,2025-12-08,0.04018421052631579
NVDA,2025-12-09,0.14758
NVDA,2025-12-10,0.14143333333333333
NVDA,2025-12-11,0.11714999999999999
NVDA,2025-12-12,0.07800000000000001
NVDA,2025-12-13,-0.0394
NVDA,2025-12-14,-0.34
NVDA,2025-12-15,-0.05735
NVDA,2025-12-16,-0.1610375
NVDA,2025-12-17,-0.054599999999999996
NVDA,2025-12-18,0.054608333333333335
NVDA,2025-12-19,0.11937272727272728
NVDA,2025-12-20,0.0
NVDA,2025-12-21,0.0
NVDA,2025-12-22,0.08590555555555557
NVDA,2025-12-23,0.01788965517241379
NVDA,2025-12-24,0.012880000000000013
NVDA,2025-12-25,0.26676
NVDA,2025-12-26,-0.030133333333333318
NVDA,2025-12-27,0.8591
NVDA,2025-12-28,0.0
NVDA,2025-12-29,0.014149999999999996
NVDA,2025-12-30,0.11590573770491802
NVDA,2025-12-31,0.11913052276559866
NVDL,2025-02-15,0.0
NVDL,2025-05-22,0.0
NVDL,2025-05-27,0.0
NVDL,2025-08-28,-0.5267
NVDL,2025-12-31,0.9607
NVDX,2025-02-16,0.7184
NVDY,2025-02-12,0.0
NVO,2025-08-27,-0.3818
NVTS,2025-05-22,0.0258
NVTS,2025-05-24,0.6486
NXPI,2025-07-21,0.3182
NXPI,2025-07-22,-0.6486
NXXT,2025-11-28,-0.7184
OCG,2025-12-10,0.8271
OIH,2025-07-28,0.5574
OIH,2025-11-12,0.128
OIH,2025-12-15,-0.1779
OIL,2025-01-22,-0.9456
OIL,2025-06-28,0.2732
OIL,2025-12-16,0.0
OIL,2025-12-23,-0.2732
OKLO,2025-05-25,0.0
OKLO,2025-08-28,0.7245
OKLO,2025-12-31,-0.4767
OPEN,2025-12-06,0.4404
OPENAI,2025-08-25,-0.34
OPENAI,2025-08-30,0.2382
ORCL,2025-02-04,-0.3182
ORCL,2025-02-11,-0.3182
ORCL,2025-02-14,-0.3182
ORCL,2025-03-17,0.4927
ORCL,2025-03-19,0.7096
ORCL,2025-03-28,0.0
ORCL,2025-05-25,0.6124
ORCL,2025-07-04,0.7184
ORCL,2025-11-13,0.9538
ORCL,2025-11-24,0.1027
ORCL,2025-11-25,-0.2732
ORCL,2025-11-26,0.836
ORCL,2025-11-28,0.13396666666666665
ORCL,2025-11-30,0.7834
ORCL,2025-12-09,0.0
ORCL,2025-12-10,0.0
ORCL,2025-12-11,-0.04046666666666665
ORCL,2025-12-14,-0.737
ORCL,2025-12-17,-0.215
ORCL,2025-12-18,0.0
ORCL,2025-12-19,0.836
ORCL,2025-12-22,-0.24993333333333334
ORCL,2025-12-29,0.2023
ORCL,2025-12-31,0.0
OXY,2025-01-12,0.7783
OXY,2025-01-19,0.7783
OXY,2025-02-03,0.6486
OXY,2025-02-18,0.0
OXY,2025-03-02,0.8555
OXY,2025-03-09,0.8555
OXY,2025-03-10,0.8221
OXY,2025-03-30,0.8555
OXY,2025-04-17,0.5423
OXY,2025-04-21,-0.128
OXY,2025-05-04,0.8555
OXY,2025-05-18,0.8555
OXY,2025-05-29,-0.2626
OXY,2025-06-18,0.34
OXY,2025-06-23,-0.7783
OXY,2025-06-24,0.0
OXY,2025-07-06,0.8555
OXY,2025-09-03,0.8422
OXY,2025-10-26,0.8555
OXY,2025-11-02,0.8555
OXY,2025-12-18,-0.5664
PATH,2025-05-30,-0.6124
PDD,2025-08-22,0.3744
PEP,2025-01-05,0.5267
PEP,2025-01-07,0.21075
PEP,2025-01-09,0.08743333333333332
PEP,2025-01-10,-0.41664999999999996
PEP,2025-01-15,-0.5423
PEP,2025-02-04,-0.5574
PEP,2025-02-05,0.0
PEP,2025-02-11,0.0772
PEP,2025-02-12,0.58245
PEP,2025-02-14,-0.6908
PEP,2025-02-18,0.9231
PEP,2025-02-28,-0.4588
PEP,2025-03-13,0.0
PEP,2025-03-18,0.0
PEP,2025-04-17,0.2023
PEP,2025-04-23,0.5106
PEP,2025-04-25,0.4939
PEP,2025-04-27,0.2144
PEP,2025-05-12,0.7531
PEP,2025-06-16,0.0258
PEP,2025-06-18,0.4404
PEP,2025-06-22,0.1531
PEP,2025-06-23,0.5267
PEP,2025-07-01,0.7269
PEP,2025-07-18,0.82205
PEP,2025-07-22,0.48555
PEP,2025-08-09,0.0
PEP,2025-09-26,0.3182
PEP,2025-09-30,-0.2263
PEP,2025-10-11,0.0
PEP,2025-10-25,0.3818
PEP,2025-10-27,0.4939
PEP,2025-12-03,-0.2263
PEP,2025-12-19,0.6671
PEP,2025-12-22,0.0
PEP,2025-12-24,0.40755
PERPLEXITY,2025-08-26,0.0
PFE,2025-02-03,0.25
PFE,2025-07-10,0.2057
PFE,2025-10-30,0.6705
PG,2025-01-17,-0.4019
PG,2025-06-18,0.8834
PG,2025-06-24,-0.4404
PG,2025-09-05,-0.3412
PG,2025-09-23,0.34
PG,2025-12-10,0.0258
PHIL,2025-12-30,-0.6628
PLTR,2025-01-11,0.8674
PLTR,2025-02-12,0.0
PLTR,2025-02-25,0.555
PLTR,2025-02-26,0.4019
PLTR,2025-02-28,0.0
PLTR,2025-05-23,-0.10285
PLTR,2025-05-26,0.0
PLTR,2025-05-29,-0.128
PLTR,2025-08-23,0.128
PLTR,2025-08-26,0.2732
PLTR,2025-08-27,-0.44035
PLTR,2025-08-29,0.0
PLTR,2025-08-30,0.9416
PLTR,2025-11-19,-0.4019
PLTR,2025-11-20,0.3818
PLTR,2025-11-22,0.0
PLTR,2025-11-25,0.859
PLTR,2025-11-26,0.0
PLTR,2025-11-28,-0.7184
PLTR,2025-11-29,0.16516000000000003
PLTR,2025-11-30,-0.3012
PLTR,2025-12-01,-0.4215
PLTR,2025-12-08,0.8176
PLTR,2025-12-09,0.05135
PLTR,2025-12-10,0.0
PLTR,2025-12-12,0.4404
PLTR,2025-12-14,-0.4404
PLTR,2025-12-16,-0.1232
PLTR,2025-12-17,-0.631
PLTR,2025-12-22,0.5672
PLTR,2025-12-23,0.0772
PLTR,2025-12-25,0.2263
PLTR,2025-12-29,0.9954
PLTR,2025-12-30,0.2933
PLTR,2025-12-31,0.1880666666666667
PM,2025-03-07,0.4588
PM,2025-07-21,0.0
PNFP,2025-07-06,0.0
PPBT,2025-02-26,-0.9726
PPTA,2025-10-30,0.0
PR,2025-03-31,0.0
PR,2025-11-14,0.5106
PSX,2025-05-14,0.0
PSX,2025-05-19,0.5696
PSX,2025-05-28,0.4215
PSX,2025-08-08,-0.1779
PSX,2025-11-13,0.0
PXR,2025-03-14,0.0258
PYPL,2025-07-15,0.9666
PYPL,2025-09-23,0.0
QCLS,2025-12-24,-0.4767
QCOM,2025-02-28,-0.9169
QCOM,2025-08-30,0.0
QQQ,2025-01-04,0.7717
QQQ,2025-01-10,0.8316
QQQ,2025-01-15,-0.0157
QQQ,2025-01-22,0.0
QQQ,2025-01-23,-0.2202
QQQ,2025-02-02,-0.91
QQQ,2025-02-11,0.027600000000000013
QQQ,2025-02-17,-0.23835
QQQ,2025-02-21,0.40775
QQQ,2025-02-23,-0.4215
QQQ,2025-02-25,0.14133333333333334
QQQ,2025-02-26,0.036300000000000006
QQQ,2025-02-27,-0.007462499999999997
QQQ,2025-02-28,-0.1806
QQQ,2025-04-05,0.0
QQQ,2025-04-06,0.6369
QQQ,2025-04-07,-0.4588
QQQ,2025-04-09,0.2732
QQQ,2025-04-11,0.175075
QQQ,2025-04-24,0.0
QQQ,2025-04-26,-0.8834
QQQ,2025-05-21,0.0
QQQ,2025-05-22,-0.6369
QQQ,2025-05-23,-0.06885
QQQ,2025-05-25,0.0
QQQ,2025-05-26,0.5499
QQQ,2025-05-28,0.4697
QQQ,2025-05-29,0.13624285714285714
QQQ,2025-05-30,0.031466666666666664
QQQ,2025-05-31,-0.18825
QQQ,2025-06-13,0.34
QQQ,2025-06-17,-0.23870000000000002
QQQ,2025-06-20,-0.8555
QQQ,2025-06-22,-0.3612
QQQ,2025-06-23,0.25
QQQ,2025-06-26,0.44730000000000003
QQQ,2025-06-30,0.7906
QQQ,2025-07-10,0.6486
QQQ,2025-07-15,0.4019
QQQ,2025-07-18,0.10115
QQQ,2025-07-25,0.0
QQQ,2025-07-29,-0.1089
QQQ,2025-07-30,0.0
QQQ,2025-08-18,0.34
QQQ,2025-08-22,0.0
QQQ,2025-08-26,0.092725
QQQ,2025-08-27,0.239975
QQQ,2025-08-29,0.06983999999999999
QQQ,2025-08-30,-0.38886666666666664
QQQ,2025-08-31,-0.296
QQQ,2025-09-03,0.5848666666666666
QQQ,2025-09-04,0.0
QQQ,2025-09-08,0.0772
QQQ,2025-10-08,0.22315000000000002
QQQ,2025-10-15,-0.296
QQQ,2025-10-17,0.0
QQQ,2025-10-23,0.0
QQQ,2025-10-29,-0.5106
QQQ,2025-11-05,-0.4939
QQQ,2025-11-13,-0.3612
QQQ,2025-11-18,0.13272
QQQ,2025-11-19,0.05574
QQQ,2025-11-20,0.12511818181818182
QQQ,2025-11-21,0.02274444444444445
QQQ,2025-11-24,0.13601428571428573
QQQ,2025-11-25,0.34482857142857143
QQQ,2025-11-26,0.30096
QQQ,2025-11-27,-0.0363
QQQ,2025-11-28,0.11299999999999999
QQQ,2025-11-29,0.6808
QQQ,2025-11-30,0.4174
QQQ,2025-12-01,-0.09245454545454547
QQQ,2025-12-02,0.18196
QQQ,2025-12-03,0.2531333333333333
QQQ,2025-12-04,0.036442857142857124
QQQ,2025-12-05,0.18642
QQQ,2025-12-06,0.1806
QQQ,2025-12-07,-0.3182
QQQ,2025-12-08,-0.014806896551724139
QQQ,2025-12-09,0.05810000000000001
QQQ,2025-12-10,0.21289444444444444
QQQ,2025-12-11,0.0820142857142857
QQQ,2025-12-12,0.0015249999999999986
QQQ,2025-12-13,0.0
QQQ,2025-12-14,0.2619666666666666
QQQ,2025-12-15,0.132
QQQ,2025-12-16,-0.1311941176470588
QQQ,2025-12-17,0.04337894736842105
QQQ,2025-12-18,0.039816666666666674
QQQ,2025-12-19,0.11791363636363637
QQQ,2025-12-20,0.011075000000000002
QQQ,2025-12-21,-0.6249
QQQ,2025-12-22,0.2704764705882353
QQQ,2025-12-23,-0.18762857142857145
QQQ,2025-12-24,-0.021550000000000007
QQQ,2025-12-25,0.0
QQQ,2025-12-26,0.20484
QQQ,2025-12-27,-0.16936
QQQ,2025-12-28,0.0
QQQ,2025-12-29,0.02053125
QQQ,2025-12-30,0.03539411764705882
QQQ,2025-12-31,0.0348
QQQI,2025-11-21,0.7003
QQQI,2025-11-26,0.7003
QUBT,2025-02-28,0.0
RADI,2025-05-29,0.1154
RBLX,2025-02-15,0.7003
RBRK,2025-12-05,-0.3182
RCL,2025-02-25,-0.4019
RDDT,2025-12-23,-0.3612
RDW,2025-12-31,0.0
RH,2025-04-04,-0.8689
RIG,2025-06-23,0.5859
RIG,2025-09-01,-0.4939
RIOT,2025-06-05,0.2263
RIVN,2025-11-28,-0.1406
RIVN,2025-12-31,-0.32985
RKLB,2025-12-31,-0.1531
RKT,2025-05-22,-0.5719
ROAM.X,2025-11-27,0.1027
RR,2025-08-27,-0.3612
RUM,2025-02-11,0.4588
RUM,2025-07-03,0.5267
RXRX,2025-02-14,-0.4019
RXRX,2025-02-26,0.0
RZLV,2025-12-31,0.0
SAM,2025-06-12,-0.6597
SAVA,2025-04-02,0.2023
SBUX,2025-02-03,0.988
SBUX,2025-02-25,0.0
SCHW,2025-06-12,-0.9599
SCHW,2025-07-11,0.4404
SCO,2025-06-23,0.6249
SE,2025-08-30,0.0
SEDG,2025-05-26,0.0
SERV,2025-12-24,0.2023
SES,2025-10-10,0.7096
SEZL,2025-11-29,0.7359
SHEL,2025-10-03,0.0
SHEL,2025-10-08,0.0
SHOP,2025-02-11,0.0
SHOP,2025-08-30,0.0
SHOP,2025-11-21,0.7269
SHOP,2025-12-30,0.9042
SHW,2025-02-23,0.0
SLAP.X,2025-11-28,0.0
SLAP.X,2025-11-29,-0.1027
SLB,2025-04-28,0.7154
SLB,2025-06-23,0.0
SLB,2025-06-24,0.0
SLGB,2025-12-31,0.4215
SLSR,2025-11-06,0.6908
SLV,2025-12-14,0.0
SLV,2025-12-19,-0.13396666666666665
SLV,2025-12-23,0.0
SLV,2025-12-27,0.465
SLV,2025-12-28,0.0258
SLV,2025-12-29,0.1008
SLV,2025-12-30,-0.1366
SLV,2025-12-31,0.15405
SMCI,2025-02-11,0.30876000000000003
SMCI,2025-02-12,-0.11544999999999997
SMCI,2025-02-16,0.0
SMCI,2025-02-17,0.2732
SMCI,2025-02-25,0.19476
SMCI,2025-02-26,0.4237
SMCI,2025-02-27,0.5267
SMCI,2025-02-28,-0.2630666666666666
SMCI,2025-05-23,0.0
SMCI,2025-05-25,0.9698
SMCI,2025-05-26,0.55215
SMCI,2025-05-27,0.0
SMCI,2025-05-28,0.0
SMCI,2025-05-29,-0.11960000000000001
SMCI,2025-07-23,0.6808
SMCI,2025-08-27,0.47785
SMCI,2025-11-12,0.659
SMCI,2025-11-21,0.6705
SMCI,2025-11-26,0.828
SMCI,2025-11-27,0.0
SMCI,2025-11-28,-0.07543333333333334
SMCI,2025-11-29,0.0
SMCI,2025-11-30,0.0
SMCI,2025-12-05,0.4404
SMCI,2025-12-10,0.9062
SMCI,2025-12-31,0.6705
SMH,2025-02-28,-0.3182
SMH,2025-08-27,-0.34
SMH,2025-12-21,-0.4215
SMX,2025-12-10,0.6808
SNAP,2025-08-29,-0.3612
SNDK,2025-11-07,-0.2732
SNDK,2025-12-31,0.5719
SNOW,2025-08-27,0.0
SNSE,2025-12-31,0.0
SO,2025-01-31,0.3612
SOC,2025-05-02,-0.6599
SOFI,2025-01-16,0.4497
SOFI,2025-06-30,0.5994
SOFI,2025-08-04,-0.296
SOFI,2025-11-27,0.8473
SOFI,2025-12-30,0.0
SOL.X,2025-01-15,0.0
SOL.X,2025-11-24,0.0
SOPA,2025-12-29,0.0
SOUN,2025-02-14,0.34
SOUN,2025-02-16,0.0
SOUN,2025-08-28,-0.7964
SOXL,2025-02-14,-0.5994
SOXL,2025-05-22,0.0
SOXL,2025-05-23,-0.631
SOXL,2025-05-26,-0.7949
SOXL,2025-05-28,0.8074
SOXL,2025-05-30,-0.9432
SOXL,2025-08-30,-0.5386
SOXL,2025-12-22,0.5927
SOXL,2025-12-31,0.0
SOXS,2025-05-23,0.296
SOXS,2025-08-27,0.3568
SOXS,2025-08-29,0.5574
SOXS,2025-12-18,0.4588
SOXX,2025-12-23,0.0
SOXX,2025-12-26,-0.5267
SOXX,2025-12-31,0.0
SPACEX,2025-02-11,-0.4019
SPTY,2025-10-23,-0.2263
SPX,2025-02-12,-0.5719
SPX,2025-02-16,-0.702
SPX,2025-04-07,0.0
SPX,2025-10-20,-0.2732
SPX,2025-10-21,0.0
SPX,2025-11-17,0.0
SPX,2025-11-28,0.8573
SPX,2025-12-04,0.6597
SPX,2025-12-19,0.4754
SPX,2025-12-22,0.0
SPY,2025-01-02,0.5574
SPY,2025-01-03,0.50295
SPY,2025-01-08,0.0
SPY,2025-01-09,0.25935
SPY,2025-01-14,0.0
SPY,2025-01-15,0.2376
SPY,2025-01-23,0.34
SPY,2025-01-28,0.0
SPY,2025-01-29,-0.296
SPY,2025-02-03,-0.2732
SPY,2025-02-04,-0.08974999999999998
SPY,2025-02-10,0.5719
SPY,2025-02-11,0.25196
SPY,2025-02-15,-0.16666666666666666
SPY,2025-02-16,0.0
SPY,2025-02-22,0.3668
SPY,2025-02-23,-0.20095
SPY,2025-02-24,0.3818
SPY,2025-02-25,0.11224375
SPY,2025-02-26,0.3423
SPY,2025-02-27,-0.10175714285714285
SPY,2025-02-28,0.2353357142857143
SPY,2025-03-18,0.4215
SPY,2025-03-29,-0.5574
SPY,2025-03-31,-0.3818
SPY,2025-04-03,0.292875
SPY,2025-04-04,0.0
SPY,2025-04-06,-0.21075
SPY,2025-04-07,-0.4408
SPY,2025-04-08,0.2997
SPY,2025-04-09,0.0958
SPY,2025-04-11,-0.25687142857142853
SPY,2025-04-15,0.4767
SPY,2025-04-17,-0.7096
SPY,2025-04-18,0.886
SPY,2025-04-22,0.0
SPY,2025-05-03,0.1366
SPY,2025-05-04,0.4588
SPY,2025-05-08,0.8176
SPY,2025-05-19,0.0
SPY,2025-05-20,-0.05744999999999999
SPY,2025-05-22,0.0963
SPY,2025-05-23,0.23616666666666666
SPY,2025-05-24,-0.86675
SPY,2025-05-25,-0.148
SPY,2025-05-26,0.23005
SPY,2025-05-27,0.02730000000000001
SPY,2025-05-28,0.36485
SPY,2025-05-29,0.023940000000000006
SPY,2025-05-30,0.0
SPY,2025-05-31,0.4767
SPY,2025-06-13,0.0
SPY,2025-06-17,0.2732
SPY,2025-06-20,-0.296
SPY,2025-06-22,0.29295
SPY,2025-06-23,-0.3612
SPY,2025-07-08,0.0
SPY,2025-07-10,0.25
SPY,2025-07-14,-0.296
SPY,2025-07-15,0.0
SPY,2025-07-16,0.7579
SPY,2025-07-22,0.0
SPY,2025-07-24,0.1531
SPY,2025-08-08,-0.2732
SPY,2025-08-21,-0.296
SPY,2025-08-22,0.31245
SPY,2025-08-25,-0.24695
SPY,2025-08-26,-0.020899999999999974
SPY,2025-08-27,0.17578333333333332
SPY,2025-08-28,0.323875
SPY,2025-08-29,0.19180769230769232
SPY,2025-08-30,0.0
SPY,2025-08-31,0.4215
SPY,2025-09-03,-0.4404
SPY,2025-09-04,0.0386
SPY,2025-09-05,-0.2455333333333333
SPY,2025-09-06,-0.3612
SPY,2025-10-02,0.4363
SPY,2025-10-08,0.23374
SPY,2025-10-13,0.6597
SPY,2025-10-14,0.47431999999999996
SPY,2025-10-15,-0.0348
SPY,2025-10-17,-0.44445
SPY,2025-10-19,-0.7096
SPY,2025-10-22,0.5264500000000001
SPY,2025-10-24,0.0
SPY,2025-10-29,0.8225
SPY,2025-10-31,-0.0164
SPY,2025-11-06,0.37303333333333333
SPY,2025-11-07,0.3454
SPY,2025-11-17,0.049800000000000004
SPY,2025-11-18,-0.1909
SPY,2025-11-19,0.03466
SPY,2025-11-20,-0.22646249999999998
SPY,2025-11-21,-0.07888999999999999
SPY,2025-11-23,0.36179999999999995
SPY,2025-11-24,0.11544000000000001
SPY,2025-11-25,-0.1152
SPY,2025-11-26,0.10220000000000001
SPY,2025-11-27,-0.08010000000000002
SPY,2025-11-28,0.24879999999999997
SPY,2025-11-29,-0.32849999999999996
SPY,2025-12-01,0.018675000000000025
SPY,2025-12-02,0.12913750000000002
SPY,2025-12-03,-0.07575
SPY,2025-12-04,0.9368
SPY,2025-12-05,0.17258
SPY,2025-12-06,0.0
SPY,2025-12-08,0.11674166666666667
SPY,2025-12-09,-0.15181
SPY,2025-12-10,0.05147142857142857
SPY,2025-12-11,0.21198333333333333
SPY,2025-12-12,0.04020000000000001
SPY,2025-12-13,-0.31845
SPY,2025-12-14,0.0
SPY,2025-12-15,0.32101111111111114
SPY,2025-12-16,0.11887500000000001
SPY,2025-12-17,0.3400777777777778
SPY,2025-12-18,-0.099575
SPY,2025-12-19,0.03456
SPY,2025-12-20,0.3062
SPY,2025-12-21,0.0
SPY,2025-12-22,0.022677777777777772
SPY,2025-12-23,0.2308058823529412
SPY,2025-12-24,0.026209090909090908
SPY,2025-12-25,0.0
SPY,2025-12-26,0.15814
SPY,2025-12-27,0.2935666666666667
SPY,2025-12-28,-0.14486
SPY,2025-12-29,0.0279125
SPY,2025-12-30,0.2682
SPY,2025-12-31,0.20566842105263158
SPYD,2025-12-31,0.4588
SQQQ,2025-02-07,-0.4939
SQQQ,2025-02-13,-0.4939
SQQQ,2025-05-08,-0.4939
SQQQ,2025-05-16,-0.4939
SQQQ,2025-08-27,0.93
SQQQ,2025-10-12,0.93
SSNLF,2025-12-25,0.0
STOCKTWITS,2025-04-11,0.1901
STRL,2025-06-18,0.296
STZ,2025-08-30,0.2023
SUNE,2025-03-08,0.6369
T,2025-12-14,0.0
TD,2025-02-11,0.3818
TD,2025-02-13,0.6901
TD,2025-12-22,-0.649
TD,2025-12-27,-0.7506
TDOC,2025-11-26,-0.1695
TE,2025-12-31,0.3182
TECL,2025-02-11,0.1496
TFC,2025-11-14,0.8674
TGT,2025-04-11,-0.4101
TLRY,2025-04-05,0.0
TLRY,2025-12-23,0.2023
TLT,2025-01-15,0.0
TLT,2025-04-11,0.2384666666666667
TLT,2025-06-18,0.7334
TLT,2025-12-19,0.25
TM,2025-06-24,0.8414
TM,2025-07-18,0.0
TMC,2025-05-25,0.2294
TMC,2025-11-28,0.8328
TMUS,2025-02-23,-0.1901
TQQQ,2025-04-11,-0.34
TQQQ,2025-05-25,0.4588
TQQQ,2025-05-26,0.0
TQQQ,2025-08-27,0.0
TQQQ,2025-12-30,0.0
TQQQ,2025-12-31,0.0
TROW,2025-04-05,0.1779
TROW,2025-06-24,0.0
TSDD,2025-02-11,-0.1786
TSLA,2025-01-24,0.0
TSLA,2025-01-27,0.4588
TSLA,2025-01-31,-0.3592
TSLA,2025-02-11,0.0005973484848484836
TSLA,2025-02-12,0.7497499999999999
TSLA,2025-02-14,0.1482
TSLA,2025-02-16,0.4019
TSLA,2025-02-25,0.05242000000000001
TSLA,2025-02-26,0.195675
TSLA,2025-02-27,0.4057
TSLA,2025-02-28,0.0
TSLA,2025-03-08,-0.08733783783783784
TSLA,2025-03-14,0.3182
TSLA,2025-03-19,-0.15580000000000002
TSLA,2025-03-30,0.3182
TSLA,2025-04-01,0.0
TSLA,2025-04-03,0.0
TSLA,2025-04-04,0.25
TSLA,2025-05-15,0.2263
TSLA,2025-05-22,0.20095
TSLA,2025-05-23,0.024440000000000007
TSLA,2025-05-24,0.4019
TSLA,2025-05-27,0.5994
TSLA,2025-05-28,0.17
TSLA,2025-05-29,-0.13999999999999999
TSLA,2025-05-30,0.17
TSLA,2025-06-29,0.875
TSLA,2025-07-18,0.3612
TSLA,2025-07-22,0.946
TSLA,2025-08-22,-0.7351
TSLA,2025-08-24,0.0
TSLA,2025-08-25,-0.6486
TSLA,2025-08-27,0.010640000000000016
TSLA,2025-08-28,0.34
TSLA,2025-08-29,0.029707814992025516
TSLA,2025-08-30,-0.02567738095238095
TSLA,2025-08-31,0.1565423076923077
TSLA,2025-10-20,0.8555
TSLA,2025-10-21,0.6249
TSLA,2025-11-18,0.1591
TSLA,2025-11-19,0.18665
TSLA,2025-11-20,-0.055318181818181815
TSLA,2025-11-21,-0.2149888888888889
TSLA,2025-11-22,0.5719
TSLA,2025-11-24,0.11391666666666667
TSLA,2025-11-25,0.08006666666666666
TSLA,2025-11-26,0.004631564986737403
TSLA,2025-11-27,0.14789555555555556
TSLA,2025-11-28,0.10703526011560693
TSLA,2025-11-29,0.22057450980392157
TSLA,2025-11-30,0.005661818181818179
TSLA,2025-12-01,-0.5493333333333333
TSLA,2025-12-02,0.06166666666666667
TSLA,2025-12-03,0.5099
TSLA,2025-12-04,0.03128000000000001
TSLA,2025-12-05,0.12040000000000001
TSLA,2025-12-06,0.296
TSLA,2025-12-08,0.450975
TSLA,2025-12-09,0.44585
TSLA,2025-12-10,0.1169
TSLA,2025-12-11,0.25275000000000003
TSLA,2025-12-12,0.037783333333333315
TSLA,2025-12-15,-0.1955
TSLA,2025-12-16,-0.1772125
TSLA,2025-12-17,0.11517
TSLA,2025-12-18,0.46941
TSLA,2025-12-19,-0.12036428571428572
TSLA,2025-12-20,0.6249
TSLA,2025-12-22,-0.11794615384615384
TSLA,2025-12-23,0.0
TSLA,2025-12-24,0.07224
TSLA,2025-12-25,0.0
TSLA,2025-12-26,-0.030024999999999996
TSLA,2025-12-27,0.8807
TSLA,2025-12-28,0.6819
TSLA,2025-12-29,0.13333333333333333
TSLA,2025-12-30,0.10421666666666667
TSLA,2025-12-31,0.023028711656441717
TSLAON.X,2025-12-31,-0.8625
TSLL,2025-08-29,0.20023333333333335
TSLL,2025-08-30,0.39975
TSLL,2025-12-31,0.1902
TSLQ,2025-08-30,0.4404
TSLQ,2025-08-31,0.5574
TSLQ,2025-11-24,0.3612
TSLQ,2025-11-28,0.8169500000000001
TSLQ,2025-12-08,0.9153
TSLQ,2025-12-31,0.6369
TSM,2025-02-25,0.0
TSM,2025-05-23,0.0
TSM,2025-05-31,-0.0772
TSM,2025-08-27,0.05963333333333334
TSM,2025-08-28,-0.3506
TSM,2025-08-30,0.8462
TSM,2025-11-30,0.21955
TSM,2025-12-08,0.0
TSM,2025-12-10,0.0
TSM,2025-12-12,0.3612
TSM,2025-12-22,0.9313
TSM,2025-12-27,0.0
TSM,2025-12-31,0.22317142857142855
TXN,2025-07-22,0.0
UBER,2025-01-08,0.1191
UBER,2025-02-26,-0.0516
UBER,2025-08-27,0.0
UCO,2025-02-03,0.0
ULTA,2025-12-31,0.0
UMC,2025-03-07,-0.1027
UMC,2025-03-12,0.5994
UMC,2025-03-16,0.5994
UMC,2025-03-19,0.0
UNH,2025-06-21,0.2023
UNH,2025-07-21,0.0
UNH,2025-08-14,0.0
UNH,2025-08-28,0.0772
UNH,2025-11-15,0.3612
UNH,2025-11-27,0.296
UNH,2025-12-18,0.4215
UNH,2025-12-27,0.0
UNH,2025-12-31,-0.5574
UPST,2025-04-04,0.0772
UPST,2025-04-09,0.0
UPST,2025-05-26,0.4019
URBN,2025-08-27,0.0
USAC,2025-01-31,0.6369
USB,2025-06-27,-0.2023
USO,2025-01-26,-0.5267
USO,2025-02-02,0.5423
USO,2025-03-05,-0.8252
USO,2025-03-06,0.5423
USO,2025-03-13,-0.4215
USO,2025-03-27,-0.8221
USO,2025-03-30,-0.1531
USO,2025-04-01,-0.7974
USO,2025-04-02,0.4019
USO,2025-04-14,0.2732
USO,2025-04-19,0.4019
USO,2025-06-23,-0.121125
USO,2025-07-05,0.0
USO,2025-09-16,0.068
USO,2025-11-07,0.3612
USO,2025-11-12,-0.128
UVIX,2025-03-08,0.0258
UVXY,2025-02-25,0.34
UVXY,2025-02-27,0.34
UVXY,2025-05-29,0.34
UVXY,2025-12-02,0.34
UVXY,2025-12-08,-0.5023
V,2025-03-06,-0.4939
V,2025-04-11,0.0
V,2025-06-24,0.5423
V,2025-08-01,0.0
V,2025-08-29,0.0
V,2025-09-19,0.93
VALE,2025-03-11,0.9231
VALE,2025-03-17,0.0
VALE,2025-04-09,0.6949
VALE,2025-07-17,-0.5423
VALE,2025-11-23,0.2023
VG,2025-05-27,0.1531
VG,2025-06-24,0.4588
VIX,2025-04-15,0.3182
VIX,2025-05-19,0.3818
VIX,2025-05-22,0.10115
VIX,2025-05-26,0.0
VIX,2025-07-10,0.0
VIX,2025-08-25,-0.2732
VIX,2025-12-10,0.0
VIX,2025-12-17,0.0
VIX,2025-12-24,-0.0232
VIX,2025-12-29,-0.2732
VKTX,2025-03-17,-0.2263
VKTX,2025-04-21,0.3818
VKTX,2025-08-20,0.25
VLO,2025-01-29,0.0
VLO,2025-03-23,0.8555
VLO,2025-05-11,0.8555
VLO,2025-06-22,0.8555
VLO,2025-08-24,0.8555
VLO,2025-08-28,0.2732
VLO,2025-08-31,0.8555
VLO,2025-09-07,0.8555
VLO,2025-09-21,0.8555
VLO,2025-10-12,0.8555
VLO,2025-10-20,0.5719
VLO,2025-11-23,0.8555
VLO,2025-12-14,0.8555
VOO,2025-08-31,0.2023
VTI,2025-05-28,-0.296
VTI,2025-06-09,0.2828
VTI,2025-08-25,0.0
VTI,2025-11-26,0.5423
VTI,2025-11-27,-0.6808
VWAGY,2025-02-05,0.0
VWAGY,2025-02-19,0.0
VWAGY,2025-02-20,0.0
VWAGY,2025-04-04,-0.5829
VXX,2025-02-11,0.836
VZ,2025-11-21,0.5719
WAGMI.X,2025-11-28,-0.0258
WAL,2025-11-03,-0.9672
WBD,2025-12-01,-0.78835
WDAY,2025-11-26,0.7541
WDC,2025-12-31,-0.2617
WEN,2025-02-27,0.8271
WEN,2025-05-01,0.0
WFC,2025-01-13,0.25
WFC,2025-01-15,0.39544285714285715
WFC,2025-01-28,0.0772
WFC,2025-01-31,-0.296
WFC,2025-02-07,-0.39880000000000004
WFC,2025-02-10,-0.1655
WFC,2025-02-12,0.10115
WFC,2025-02-13,0.6901
WFC,2025-02-22,-0.4019
WFC,2025-03-28,0.0
WFC,2025-03-30,-0.6705
WFC,2025-04-04,-0.25020000000000003
WFC,2025-04-06,0.0
WFC,2025-04-09,0.7096
WFC,2025-04-10,-0.18966
WFC,2025-04-11,-0.09339
WFC,2025-04-12,0.3167
WFC,2025-04-14,-0.4019
WFC,2025-05-01,0.0
WFC,2025-05-09,0.0422
WFC,2025-05-13,0.0
WFC,2025-06-13,0.0258
WFC,2025-07-02,-0.2006
WFC,2025-07-13,0.4019
WFC,2025-07-14,0.3509333333333333
WFC,2025-07-15,0.0
WFC,2025-07-17,0.4404
WFC,2025-07-22,-0.4019
WFC,2025-07-30,-0.5106
WFC,2025-08-02,0.0
WFC,2025-08-05,-0.5859
WFC,2025-08-15,0.0
WFC,2025-08-17,-0.5095
WFC,2025-08-23,0.0
WFC,2025-08-26,0.0
WFC,2025-08-30,0.0
WFC,2025-10-14,0.25
WFC,2025-10-15,0.7845
WFC,2025-10-19,0.4404
WFC,2025-10-26,0.0
WFC,2025-10-30,0.0
WFC,2025-11-12,-0.1531
WFC,2025-12-15,0.7579
WFC,2025-12-28,0.296
WHD,2025-02-27,0.0
WIMI,2025-02-25,-0.5267
WIMI,2025-05-23,0.836
WIX,2025-04-16,0.0
WMT,2025-02-11,-0.3421
WMT,2025-02-27,0.4215
WMT,2025-03-25,0.7346
WMT,2025-05-23,0.9592
WMT,2025-08-29,0.4404
WMT,2025-09-08,0.3612
WMT,2025-11-21,0.4767
WMT,2025-11-28,0.5994
WMT,2025-11-30,0.0
WMT,2025-12-01,-0.4019
WMT,2025-12-03,0.0
WRD,2025-02-14,0.4019
WTF,2025-11-28,0.4019
XBI,2025-01-06,-0.25
XBI,2025-12-10,-0.2023
XCN.X,2025-04-12,0.0
XCORP,2025-08-29,0.8151
XLE,2025-02-17,-0.42905
XLE,2025-02-24,0.886
XLE,2025-03-20,0.0
XLE,2025-04-11,0.6124
XLE,2025-04-21,0.2732
XLE,2025-04-30,-0.1154
XLE,2025-05-01,0.2732
XLE,2025-06-16,0.0
XLE,2025-06-17,0.0
XLE,2025-06-18,-0.101
XLE,2025-06-23,0.064
XLE,2025-07-01,0.2732
XLE,2025-07-09,0.0
XLE,2025-08-27,0.3182
XLE,2025-09-04,-0.0772
XLE,2025-09-16,-0.17
XLE,2025-09-26,0.0
XLE,2025-09-30,0.5859
XLE,2025-10-20,0.0
XLE,2025-10-29,-0.296
XLE,2025-11-11,0.0
XLE,2025-12-01,0.0
XLE,2025-12-19,-0.8914
XLE,2025-12-30,0.4404
XLE,2025-12-31,-0.6597
XLF,2025-01-09,0.29075
XLF,2025-01-14,0.9325
XLF,2025-01-15,-0.3919
XLF,2025-02-26,0.3818
XLF,2025-04-04,-0.8211
XLF,2025-04-05,0.0
XLF,2025-04-12,0.0
XLF,2025-10-14,0.2263
XLF,2025-10-15,0.0
XLF,2025-10-21,0.0
XLF,2025-11-07,0.2263
XLF,2025-11-13,-0.5106
XLF,2025-12-10,0.0
XLF,2025-12-30,0.0772
XLK,2025-05-28,0.2144
XLK,2025-12-22,-0.296
XLP,2025-07-22,0.8625
XLP,2025-09-08,-0.0516
XOM,2025-01-01,0.6337666666666667
XOM,2025-01-02,0.019236363636363628
XOM,2025-01-03,0.031972727272727285
XOM,2025-01-04,0.5106
XOM,2025-01-05,0.6883
XOM,2025-01-06,0.11839999999999999
XOM,2025-01-07,-0.008989999999999998
XOM,2025-01-08,0.18420000000000003
XOM,2025-01-09,0.2672333333333333
XOM,2025-01-10,-0.08527407407407407
XOM,2025-01-11,-0.07855
XOM,2025-01-12,0.07786666666666665
XOM,2025-01-13,-0.12249230769230768
XOM,2025-01-14,-0.06841875
XOM,2025-01-15,0.2508739130434783
XOM,2025-01-16,0.12616363636363637
XOM,2025-01-17,0.23904285714285714
XOM,2025-01-18,0.17
XOM,2025-01-19,0.0
XOM,2025-01-20,0.19105624999999998
XOM,2025-01-21,0.05830000000000001
XOM,2025-01-22,-0.001116666666666667
XOM,2025-01-23,0.030706666666666663
XOM,2025-01-24,0.13608333333333333
XOM,2025-01-25,0.08895
XOM,2025-01-26,0.5184666666666666
XOM,2025-01-27,0.08325000000000002
XOM,2025-01-28,-0.026675
XOM,2025-01-29,0.33116666666666666
XOM,2025-01-30,0.04224736842105264
XOM,2025-01-31,0.14862456140350877
XOM,2025-02-01,0.1334111111111111
XOM,2025-02-02,0.008185714285714305
XOM,2025-02-03,0.051635714285714285
XOM,2025-02-04,0.09847391304347826
XOM,2025-02-05,-0.105375
XOM,2025-02-06,0.015625
XOM,2025-02-07,-0.3894222222222223
XOM,2025-02-09,-0.128
XOM,2025-02-10,0.17904285714285711
XOM,2025-02-11,0.17671
XOM,2025-02-12,-0.053752941176470594
XOM,2025-02-13,-0.05716666666666665
XOM,2025-02-14,0.6059
XOM,2025-02-15,0.4985
XOM,2025-02-16,0.8555
XOM,2025-02-18,0.3335285714285714
XOM,2025-02-19,0.4524333333333333
XOM,2025-02-20,0.20011
XOM,2025-02-21,-0.08932857142857142
XOM,2025-02-22,-0.2817
XOM,2025-02-23,0.050575
XOM,2025-02-24,0.12963
XOM,2025-02-25,0.20248
XOM,2025-02-26,0.1755
XOM,2025-02-27,0.20825
XOM,2025-02-28,-0.03996666666666665
XOM,2025-03-01,0.0
XOM,2025-03-03,-0.33926666666666666
XOM,2025-03-04,-0.19590999999999997
XOM,2025-03-05,0.2603375
XOM,2025-03-06,0.3085058823529412
XOM,2025-03-07,0.0946090909090909
XOM,2025-03-08,0.3902
XOM,2025-03-09,-0.148
XOM,2025-03-10,0.1625125
XOM,2025-03-11,0.05286249999999999
XOM,2025-03-12,0.1324625
XOM,2025-03-13,0.21047500000000002
XOM,2025-03-14,0.0699
XOM,2025-03-15,-0.38763333333333333
XOM,2025-03-16,0.045325000000000004
XOM,2025-03-17,0.17480909090909091
XOM,2025-03-18,-0.1720625
XOM,2025-03-19,-0.11175
XOM,2025-03-20,0.4088333333333333
XOM,2025-03-21,0.19998749999999998
XOM,2025-03-23,0.31793333333333335
XOM,2025-03-24,0.0011571428571428408
XOM,2025-03-25,0.029022222222222227
XOM,2025-03-26,0.220625
XOM,2025-03-27,0.14895454545454545
XOM,2025-03-28,0.31624285714285716
XOM,2025-03-29,-0.0932
XOM,2025-03-31,0.2696636363636364
XOM,2025-04-01,0.2072
XOM,2025-04-02,0.0014291666666666643
XOM,2025-04-03,0.025031707317073177
XOM,2025-04-04,0.06783928571428571
XOM,2025-04-05,0.9503
XOM,2025-04-06,0.51585
XOM,2025-04-07,-0.018761111111111103
XOM,2025-04-08,0.1626090909090909
XOM,2025-04-09,0.1737
XOM,2025-04-10,0.26582142857142854
XOM,2025-04-11,-0.10972222222222222
XOM,2025-04-13,0.08521666666666666
XOM,2025-04-14,0.061575000000000005
XOM,2025-04-15,0.1945
XOM,2025-04-16,0.2787
XOM,2025-04-17,0.29420999999999997
XOM,2025-04-18,0.3023666666666667
XOM,2025-04-19,0.83405
XOM,2025-04-20,0.81
XOM,2025-04-21,0.13159999999999997
XOM,2025-04-22,0.17571666666666666
XOM,2025-04-23,0.1001833333333333
XOM,2025-04-24,-0.04111666666666666
XOM,2025-04-25,0.6249
XOM,2025-04-27,0.3818
XOM,2025-04-28,0.23653333333333335
XOM,2025-04-29,0.3514428571428571
XOM,2025-04-30,0.2658125
XOM,2025-05-01,0.05465
XOM,2025-05-02,0.057614285714285715
XOM,2025-05-03,-0.8807
XOM,2025-05-04,-0.45130000000000003
XOM,2025-05-05,0.04838823529411764
XOM,2025-05-06,-0.235625
XOM,2025-05-07,-0.027533333333333337
XOM,2025-05-08,-0.29216666666666663
XOM,2025-05-09,0.30401999999999996
XOM,2025-05-10,-0.19765
XOM,2025-05-12,0.19155
XOM,2025-05-13,-0.0007833333333333303
XOM,2025-05-14,0.056275
XOM,2025-05-15,0.38853333333333334
XOM,2025-05-16,0.2412
XOM,2025-05-18,0.8126
XOM,2025-05-19,0.12383
XOM,2025-05-20,0.009825000000000009
XOM,2025-05-21,-0.038409090909090914
XOM,2025-05-22,0.09657272727272727
XOM,2025-05-23,0.35185
XOM,2025-05-26,0.0
XOM,2025-05-27,0.0
XOM,2025-05-28,0.26534285714285716
XOM,2025-05-29,0.14532727272727272
XOM,2025-05-30,0.32993333333333336
XOM,2025-05-31,0.419375
XOM,2025-06-16,0.07911818181818181
XOM,2025-06-17,0.029503999999999996
XOM,2025-06-18,0.13779333333333332
XOM,2025-06-19,0.30095
XOM,2025-06-20,0.17568333333333333
XOM,2025-06-21,-0.1366
XOM,2025-06-22,0.09045172413793104
XOM,2025-06-23,-0.007869444444444445
XOM,2025-06-24,0.035920930232558136
XOM,2025-06-25,0.008933333333333337
XOM,2025-06-26,0.30762222222222224
XOM,2025-06-27,0.3031
XOM,2025-06-28,0.2203333333333333
XOM,2025-06-29,0.8555
XOM,2025-06-30,0.2007736842105263
XOM,2025-07-01,0.17515833333333333
XOM,2025-07-02,0.1717909090909091
XOM,2025-07-03,0.3580285714285714
XOM,2025-07-04,0.1876
XOM,2025-07-05,0.8126
XOM,2025-07-07,-0.06306666666666666
XOM,2025-07-08,-0.040362068965517243
XOM,2025-07-09,0.00930000000000002
XOM,2025-07-10,0.17028571428571432
XOM,2025-07-11,0.2919714285714286
XOM,2025-07-12,0.83785
XOM,2025-07-13,0.59035
XOM,2025-07-14,-0.2806666666666667
XOM,2025-07-15,0.26023333333333337
XOM,2025-07-16,0.19190000000000002
XOM,2025-07-17,0.10818888888888889
XOM,2025-07-18,0.3699222222222222
XOM,2025-07-21,0.03007142857142859
XOM,2025-07-22,0.13094
XOM,2025-07-23,0.26139999999999997
XOM,2025-07-24,0.6584000000000001
XOM,2025-07-25,0.016244444444444443
XOM,2025-07-27,0.1806
XOM,2025-07-28,0.10043636363636364
XOM,2025-07-29,0.11793333333333335
XOM,2025-07-30,0.0
XOM,2025-07-31,0.255475
XOM,2025-08-01,0.2416090909090909
XOM,2025-08-04,0.18849166666666664
XOM,2025-08-05,0.2893777777777778
XOM,2025-08-06,0.07632857142857143
XOM,2025-08-07,0.15225714285714284
XOM,2025-08-08,0.1796
XOM,2025-08-11,0.18103333333333335
XOM,2025-08-12,0.05540833333333336
XOM,2025-08-13,0.25469230769230766
XOM,2025-08-14,0.08894545454545454
XOM,2025-08-15,0.11313333333333334
XOM,2025-08-16,-0.2671
XOM,2025-08-17,0.15750000000000003
XOM,2025-08-18,0.18945000000000004
XOM,2025-08-19,0.3732
XOM,2025-08-20,0.17884285714285716
XOM,2025-08-21,0.34165999999999996
XOM,2025-08-22,0.2172
XOM,2025-08-23,0.6369
XOM,2025-08-24,0.34
XOM,2025-08-25,0.296
XOM,2025-08-26,0.3152
XOM,2025-08-27,0.11653333333333334
XOM,2025-08-28,0.32387
XOM,2025-08-29,0.12448000000000001
XOM,2025-08-30,-0.7096
XOM,2025-08-31,0.6382
XOM,2025-09-01,0.03444999999999998
XOM,2025-09-02,0.2657785714285715
XOM,2025-09-03,-0.04337857142857144
XOM,2025-09-04,0.007044444444444444
XOM,2025-09-05,-0.019458333333333338
XOM,2025-09-06,0.12896666666666667
XOM,2025-09-07,0.45693333333333336
XOM,2025-09-08,0.2702833333333334
XOM,2025-09-09,0.1872714285714286
XOM,2025-09-10,0.22676
XOM,2025-09-11,0.5658000000000001
XOM,2025-09-12,0.40438
XOM,2025-09-13,-0.9666
XOM,2025-09-15,0.39638
XOM,2025-09-16,0.103025
XOM,2025-09-17,0.33116
XOM,2025-09-18,0.6350666666666667
XOM,2025-09-19,0.0
XOM,2025-09-20,0.0
XOM,2025-09-21,-0.5994
XOM,2025-09-22,0.0005750000000000061
XOM,2025-09-23,0.3348375
XOM,2025-09-24,0.42676
XOM,2025-09-25,0.4190375
XOM,2025-09-26,0.08559999999999998
XOM,2025-09-28,0.5990333333333334
XOM,2025-09-29,0.37864
XOM,2025-09-30,0.0038222222222222208
XOM,2025-10-01,0.07723749999999999
XOM,2025-10-02,0.11744545454545453
XOM,2025-10-03,0.08288
XOM,2025-10-04,0.9617
XOM,2025-10-05,0.0
XOM,2025-10-06,0.3286
XOM,2025-10-07,0.2851916666666667
XOM,2025-10-08,0.36556666666666665
XOM,2025-10-09,0.301525
XOM,2025-10-10,0.24350909090909093
XOM,2025-10-11,0.9808
XOM,2025-10-12,0.0
XOM,2025-10-13,0.28865
XOM,2025-10-14,0.25902000000000003
XOM,2025-10-15,0.07980000000000001
XOM,2025-10-16,0.35750000000000004
XOM,2025-10-17,-0.18378333333333333
XOM,2025-10-18,0.06505000000000001
XOM,2025-10-19,-0.8519
XOM,2025-10-20,0.296
XOM,2025-10-21,0.068975
XOM,2025-10-22,0.03651666666666666
XOM,2025-10-23,0.12765
XOM,2025-10-24,0.347475
XOM,2025-10-25,0.7684
XOM,2025-10-27,0.3130545454545455
XOM,2025-10-28,0.3846
XOM,2025-10-29,0.6031333333333334
XOM,2025-10-30,-0.055279999999999996
XOM,2025-10-31,0.10123999999999998
XOM,2025-11-01,0.33525
XOM,2025-11-02,0.41135
XOM,2025-11-03,0.08864444444444446
XOM,2025-11-04,0.06845000000000001
XOM,2025-11-05,0.26358
XOM,2025-11-06,-0.03670000000000001
XOM,2025-11-07,0.09743333333333334
XOM,2025-11-08,0.5106
XOM,2025-11-09,0.6122
XOM,2025-11-10,0.26127500000000003
XOM,2025-11-11,0.2864111111111111
XOM,2025-11-12,0.16006428571428571
XOM,2025-11-13,0.061642857142857145
XOM,2025-11-14,0.20018181818181818
XOM,2025-11-15,-0.11613333333333332
XOM,2025-11-16,0.19569999999999999
XOM,2025-11-17,0.26904285714285714
XOM,2025-11-18,-0.0299857142857143
XOM,2025-11-19,0.13396666666666665
XOM,2025-11-20,0.22546
XOM,2025-11-21,0.287775
XOM,2025-11-22,0.8445
XOM,2025-11-24,0.2585
XOM,2025-11-25,0.385825
XOM,2025-11-26,0.26335
XOM,2025-11-27,0.6908
XOM,2025-11-28,0.1013
XOM,2025-11-29,0.9191
XOM,2025-11-30,0.6428
XOM,2025-12-01,0.31517142857142855
XOM,2025-12-02,-0.049260000000000005
XOM,2025-12-03,0.323575
XOM,2025-12-04,0.46692500000000003
XOM,2025-12-05,0.3782375
XOM,2025-12-07,0.34203333333333336
XOM,2025-12-08,0.31065
XOM,2025-12-09,0.31062903225806454
XOM,2025-12-10,0.26292
XOM,2025-12-11,0.20268235294117648
XOM,2025-12-12,0.2603714285714286
XOM,2025-12-13,0.7783
XOM,2025-12-14,0.0
XOM,2025-12-15,0.37001111111111107
XOM,2025-12-16,0.09037857142857142
XOM,2025-12-17,0.021569999999999995
XOM,2025-12-18,-0.14306153846153846
XOM,2025-12-19,0.24012000000000003
XOM,2025-12-20,0.3982
XOM,2025-12-21,0.42775
XOM,2025-12-22,0.2809333333333333
XOM,2025-12-23,0.11318333333333332
XOM,2025-12-24,0.0818857142857143
XOM,2025-12-26,0.17
XOM,2025-12-27,-0.5356
XOM,2025-12-29,0.22841538461538463
XOM,2025-12-30,-0.013842857142857141
XOM,2025-12-31,0.3334214285714286
XOP,2025-01-21,-0.5719
XOP,2025-04-10,0.0
XOP,2025-06-25,-0.5859
XOP,2025-10-01,-0.4767
XRP.X,2025-11-24,-0.3818
XRP.X,2025-11-26,0.0
XRP.X,2025-12-29,0.8779
ZG,2025-12-16,0.0
